,Name,HeadCount
0,3.jpg,5
1,9.jpg,5
2,10.jpg,5
3,16.jpg,5
4,18.jpg,5
5,31.jpg,5
6,33.jpg,5
7,36.jpg,
8,38.jpg,
9,41.jpg,
10,45.jpg,
11,57.jpg,
12,60.jpg,
13,61.jpg,
14,62.jpg,
15,68.jpg,
16,79.jpg,
17,92.jpg,
18,96.jpg,
19,105.jpg,
20,106.jpg,
21,107.jpg,
22,114.jpg,
23,115.jpg,
24,119.jpg,
25,121.jpg,
26,127.jpg,
27,128.jpg,
28,132.jpg,
29,133.jpg,
30,136.jpg,
31,137.jpg,
32,138.jpg,
33,141.jpg,
34,157.jpg,
35,158.jpg,
36,160.jpg,
37,170.jpg,
38,172.jpg,
39,174.jpg,
40,180.jpg,
41,186.jpg,
42,187.jpg,
43,194.jpg,
44,198.jpg,
45,211.jpg,
46,219.jpg,
47,229.jpg,
48,231.jpg,
49,234.jpg,
50,236.jpg,
51,241.jpg,
52,242.jpg,
53,253.jpg,
54,255.jpg,
55,256.jpg,
56,259.jpg,
57,264.jpg,
58,273.jpg,
59,275.jpg,
60,279.jpg,
61,284.jpg,
62,285.jpg,
63,288.jpg,
64,293.jpg,
65,295.jpg,
66,310.jpg,
67,311.jpg,
68,317.jpg,
69,322.jpg,
70,327.jpg,
71,333.jpg,
72,335.jpg,
73,347.jpg,
74,350.jpg,
75,353.jpg,
76,355.jpg,
77,356.jpg,
78,360.jpg,
79,372.jpg,
80,374.jpg,
81,375.jpg,
82,376.jpg,
83,382.jpg,
84,385.jpg,
85,389.jpg,
86,390.jpg,
87,391.jpg,
88,400.jpg,
89,405.jpg,
90,413.jpg,
91,418.jpg,
92,421.jpg,
93,426.jpg,
94,432.jpg,
95,433.jpg,
96,439.jpg,
97,441.jpg,
98,454.jpg,
99,463.jpg,
100,464.jpg,
101,466.jpg,
102,468.jpg,
103,472.jpg,
104,473.jpg,
105,474.jpg,
106,476.jpg,
107,494.jpg,
108,505.jpg,
109,507.jpg,
110,511.jpg,
111,514.jpg,
112,519.jpg,
113,522.jpg,
114,526.jpg,
115,533.jpg,
116,536.jpg,
117,538.jpg,
118,543.jpg,
119,552.jpg,
120,553.jpg,
121,557.jpg,
122,558.jpg,
123,561.jpg,
124,567.jpg,
125,574.jpg,
126,579.jpg,
127,580.jpg,
128,583.jpg,
129,594.jpg,
130,599.jpg,
131,600.jpg,
132,604.jpg,
133,605.jpg,
134,609.jpg,
135,610.jpg,
136,614.jpg,
137,617.jpg,
138,626.jpg,
139,629.jpg,
140,640.jpg,
141,643.jpg,
142,645.jpg,
143,664.jpg,
144,674.jpg,
145,679.jpg,
146,694.jpg,
147,701.jpg,
148,711.jpg,
149,714.jpg,
150,716.jpg,
151,722.jpg,
152,732.jpg,
153,733.jpg,
154,736.jpg,
155,740.jpg,
156,741.jpg,
157,745.jpg,
158,747.jpg,
159,749.jpg,
160,757.jpg,
161,759.jpg,
162,762.jpg,
163,766.jpg,
164,779.jpg,
165,783.jpg,
166,785.jpg,
167,792.jpg,
168,793.jpg,
169,794.jpg,
170,798.jpg,
171,803.jpg,
172,807.jpg,
173,810.jpg,
174,818.jpg,
175,822.jpg,
176,831.jpg,
177,832.jpg,
178,833.jpg,
179,836.jpg,
180,840.jpg,
181,841.jpg,
182,842.jpg,
183,844.jpg,
184,847.jpg,
185,848.jpg,
186,849.jpg,
187,850.jpg,
188,851.jpg,
189,852.jpg,
190,859.jpg,
191,860.jpg,
192,867.jpg,
193,868.jpg,
194,875.jpg,
195,880.jpg,
196,881.jpg,
197,884.jpg,
198,885.jpg,
199,886.jpg,
200,891.jpg,
201,898.jpg,
202,903.jpg,
203,908.jpg,
204,909.jpg,
205,910.jpg,
206,916.jpg,
207,918.jpg,
208,922.jpg,
209,928.jpg,
210,935.jpg,
211,936.jpg,
212,940.jpg,
213,944.jpg,
214,945.jpg,
215,947.jpg,
216,949.jpg,
217,951.jpg,
218,952.jpg,
219,953.jpg,
220,956.jpg,
221,958.jpg,
222,960.jpg,
223,964.jpg,
224,969.jpg,
225,987.jpg,
226,992.jpg,
227,993.jpg,
228,994.jpg,
229,998.jpg,
230,1002.jpg,
231,1004.jpg,
232,1019.jpg,
233,1025.jpg,
234,1026.jpg,
235,1027.jpg,
236,1029.jpg,
237,1031.jpg,
238,1034.jpg,
239,1036.jpg,
240,1043.jpg,
241,1046.jpg,
242,1048.jpg,
243,1057.jpg,
244,1059.jpg,
245,1070.jpg,
246,1073.jpg,
247,1078.jpg,
248,1093.jpg,
249,1094.jpg,
250,1096.jpg,
251,1099.jpg,
252,1101.jpg,
253,1103.jpg,
254,1108.jpg,
255,1109.jpg,
256,1114.jpg,
257,1117.jpg,
258,1118.jpg,
259,1122.jpg,
260,1128.jpg,
261,1129.jpg,
262,1133.jpg,
263,1148.jpg,
264,1149.jpg,
265,1155.jpg,
266,1163.jpg,
267,1165.jpg,
268,1166.jpg,
269,1183.jpg,
270,1184.jpg,
271,1186.jpg,
272,1188.jpg,
273,1196.jpg,
274,1199.jpg,
275,1203.jpg,
276,1207.jpg,
277,1217.jpg,
278,1223.jpg,
279,1225.jpg,
280,1230.jpg,
281,1231.jpg,
282,1234.jpg,
283,1237.jpg,
284,1238.jpg,
285,1239.jpg,
286,1245.jpg,
287,1246.jpg,
288,1248.jpg,
289,1251.jpg,
290,1252.jpg,
291,1255.jpg,
292,1262.jpg,
293,1264.jpg,
294,1276.jpg,
295,1281.jpg,
296,1284.jpg,
297,1288.jpg,
298,1291.jpg,
299,1293.jpg,
300,1294.jpg,
301,1298.jpg,
302,1301.jpg,
303,1302.jpg,
304,1305.jpg,
305,1307.jpg,
306,1309.jpg,
307,1311.jpg,
308,1313.jpg,
309,1315.jpg,
310,1324.jpg,
311,1328.jpg,
312,1329.jpg,
313,1337.jpg,
314,1340.jpg,
315,1341.jpg,
316,1342.jpg,
317,1359.jpg,
318,1364.jpg,
319,1380.jpg,
320,1384.jpg,
321,1391.jpg,
322,1401.jpg,
323,1404.jpg,
324,1406.jpg,
325,1407.jpg,
326,1409.jpg,
327,1416.jpg,
328,1423.jpg,
329,1424.jpg,
330,1428.jpg,
331,1432.jpg,
332,1435.jpg,
333,1437.jpg,
334,1440.jpg,
335,1441.jpg,
336,1444.jpg,
337,1446.jpg,
338,1447.jpg,
339,1450.jpg,
340,1460.jpg,
341,1466.jpg,
342,1467.jpg,
343,1475.jpg,
344,1476.jpg,
345,1477.jpg,
346,1478.jpg,
347,1479.jpg,
348,1481.jpg,
349,1483.jpg,
350,1489.jpg,
351,1490.jpg,
352,1498.jpg,
353,1501.jpg,
354,1503.jpg,
355,1509.jpg,
356,1513.jpg,
357,1517.jpg,
358,1519.jpg,
359,1520.jpg,
360,1522.jpg,
361,1526.jpg,
362,1528.jpg,
363,1533.jpg,
364,1534.jpg,
365,1535.jpg,
366,1538.jpg,
367,1541.jpg,
368,1542.jpg,
369,1543.jpg,
370,1544.jpg,
371,1550.jpg,
372,1553.jpg,
373,1555.jpg,
374,1560.jpg,
375,1563.jpg,
376,1566.jpg,
377,1572.jpg,
378,1576.jpg,
379,1580.jpg,
380,1595.jpg,
381,1597.jpg,
382,1612.jpg,
383,1613.jpg,
384,1615.jpg,
385,1619.jpg,
386,1620.jpg,
387,1621.jpg,
388,1625.jpg,
389,1631.jpg,
390,1634.jpg,
391,1639.jpg,
392,1643.jpg,
393,1645.jpg,
394,1647.jpg,
395,1649.jpg,
396,1652.jpg,
397,1656.jpg,
398,1667.jpg,
399,1668.jpg,
400,1672.jpg,
401,1674.jpg,
402,1681.jpg,
403,1685.jpg,
404,1698.jpg,
405,1700.jpg,
406,1705.jpg,
407,1711.jpg,
408,1712.jpg,
409,1717.jpg,
410,1718.jpg,
411,1720.jpg,
412,1728.jpg,
413,1731.jpg,
414,1732.jpg,
415,1737.jpg,
416,1739.jpg,
417,1740.jpg,
418,1746.jpg,
419,1748.jpg,
420,1752.jpg,
421,1755.jpg,
422,1758.jpg,
423,1762.jpg,
424,1769.jpg,
425,1772.jpg,
426,1773.jpg,
427,1777.jpg,
428,1784.jpg,
429,1789.jpg,
430,1793.jpg,
431,1798.jpg,
432,1804.jpg,
433,1812.jpg,
434,1817.jpg,
435,1820.jpg,
436,1824.jpg,
437,1831.jpg,
438,1846.jpg,
439,1847.jpg,
440,1849.jpg,
441,1852.jpg,
442,1856.jpg,
443,1857.jpg,
444,1859.jpg,
445,1867.jpg,
446,1877.jpg,
447,1883.jpg,
448,1896.jpg,
449,1899.jpg,
450,1905.jpg,
451,1909.jpg,
452,1910.jpg,
453,1911.jpg,
454,1917.jpg,
455,1924.jpg,
456,1928.jpg,
457,1931.jpg,
458,1932.jpg,
459,1936.jpg,
460,1938.jpg,
461,1940.jpg,
462,1943.jpg,
463,1946.jpg,
464,1948.jpg,
465,1951.jpg,
466,1953.jpg,
467,1960.jpg,
468,1966.jpg,
469,1973.jpg,
470,1981.jpg,
471,1986.jpg,
472,1990.jpg,
473,1997.jpg,
474,2001.jpg,
475,2002.jpg,
476,2004.jpg,
477,2009.jpg,
478,2012.jpg,
479,2024.jpg,
480,2025.jpg,
481,2026.jpg,
482,2028.jpg,
483,2030.jpg,
484,2031.jpg,
485,2033.jpg,
486,2047.jpg,
487,2062.jpg,
488,2065.jpg,
489,2069.jpg,
490,2075.jpg,
491,2076.jpg,
492,2079.jpg,
493,2085.jpg,
494,2091.jpg,
495,2094.jpg,
496,2098.jpg,
497,2101.jpg,
498,2112.jpg,
499,2116.jpg,
500,2120.jpg,
501,2121.jpg,
502,2129.jpg,
503,2135.jpg,
504,2142.jpg,
505,2146.jpg,
506,2148.jpg,
507,2156.jpg,
508,2161.jpg,
509,2166.jpg,
510,2177.jpg,
511,2178.jpg,
512,2181.jpg,
513,2184.jpg,
514,2185.jpg,
515,2193.jpg,
516,2196.jpg,
517,2198.jpg,
518,2204.jpg,
519,2213.jpg,
520,2214.jpg,
521,2216.jpg,
522,2226.jpg,
523,2227.jpg,
524,2231.jpg,
525,2233.jpg,
526,2237.jpg,
527,2241.jpg,
528,2242.jpg,
529,2243.jpg,
530,2251.jpg,
531,2256.jpg,
532,2258.jpg,
533,2259.jpg,
534,2264.jpg,
535,2265.jpg,
536,2269.jpg,
537,2275.jpg,
538,2278.jpg,
539,2280.jpg,
540,2281.jpg,
541,2285.jpg,
542,2288.jpg,
543,2292.jpg,
544,2294.jpg,
545,2299.jpg,
546,2301.jpg,
547,2304.jpg,
548,2305.jpg,
549,2307.jpg,
550,2309.jpg,
551,2311.jpg,
552,2319.jpg,
553,2325.jpg,
554,2331.jpg,
555,2332.jpg,
556,2333.jpg,
557,2342.jpg,
558,2344.jpg,
559,2345.jpg,
560,2347.jpg,
561,2352.jpg,
562,2353.jpg,
563,2363.jpg,
564,2368.jpg,
565,2370.jpg,
566,2372.jpg,
567,2373.jpg,
568,2374.jpg,
569,2376.jpg,
570,2378.jpg,
571,2386.jpg,
572,2387.jpg,
573,2388.jpg,
574,2398.jpg,
575,2405.jpg,
576,2406.jpg,
577,2410.jpg,
578,2417.jpg,
579,2418.jpg,
580,2419.jpg,
581,2424.jpg,
582,2448.jpg,
583,2453.jpg,
584,2458.jpg,
585,2460.jpg,
586,2466.jpg,
587,2471.jpg,
588,2472.jpg,
589,2473.jpg,
590,2476.jpg,
591,2478.jpg,
592,2480.jpg,
593,2482.jpg,
594,2490.jpg,
595,2492.jpg,
596,2493.jpg,
597,2495.jpg,
598,2496.jpg,
599,2508.jpg,
600,2511.jpg,
601,2512.jpg,
602,2513.jpg,
603,2514.jpg,
604,2520.jpg,
605,2522.jpg,
606,2524.jpg,
607,2525.jpg,
608,2527.jpg,
609,2528.jpg,
610,2532.jpg,
611,2536.jpg,
612,2555.jpg,
613,2556.jpg,
614,2559.jpg,
615,2568.jpg,
616,2572.jpg,
617,2573.jpg,
618,2577.jpg,
619,2588.jpg,
620,2605.jpg,
621,2607.jpg,
622,2608.jpg,
623,2611.jpg,
624,2612.jpg,
625,2615.jpg,
626,2621.jpg,
627,2624.jpg,
628,2627.jpg,
629,2634.jpg,
630,2645.jpg,
631,2652.jpg,
632,2657.jpg,
633,2658.jpg,
634,2662.jpg,
635,2666.jpg,
636,2668.jpg,
637,2669.jpg,
638,2673.jpg,
639,2677.jpg,
640,2680.jpg,
641,2685.jpg,
642,2687.jpg,
643,2689.jpg,
644,2691.jpg,
645,2696.jpg,
646,2697.jpg,
647,2705.jpg,
648,2718.jpg,
649,2726.jpg,
650,2736.jpg,
651,2738.jpg,
652,2744.jpg,
653,2747.jpg,
654,2750.jpg,
655,2751.jpg,
656,2752.jpg,
657,2753.jpg,
658,2754.jpg,
659,2755.jpg,
660,2757.jpg,
661,2763.jpg,
662,2765.jpg,
663,2766.jpg,
664,2769.jpg,
665,2770.jpg,
666,2774.jpg,
667,2776.jpg,
668,2778.jpg,
669,2781.jpg,
670,2785.jpg,
671,2787.jpg,
672,2795.jpg,
673,2798.jpg,
674,2801.jpg,
675,2802.jpg,
676,2804.jpg,
677,2811.jpg,
678,2812.jpg,
679,2815.jpg,
680,2818.jpg,
681,2823.jpg,
682,2839.jpg,
683,2840.jpg,
684,2841.jpg,
685,2845.jpg,
686,2849.jpg,
687,2850.jpg,
688,2853.jpg,
689,2858.jpg,
690,2861.jpg,
691,2863.jpg,
692,2873.jpg,
693,2891.jpg,
694,2892.jpg,
695,2897.jpg,
696,2902.jpg,
697,2906.jpg,
698,2917.jpg,
699,2923.jpg,
700,2925.jpg,
701,2932.jpg,
702,2933.jpg,
703,2946.jpg,
704,2947.jpg,
705,2952.jpg,
706,2955.jpg,
707,2958.jpg,
708,2959.jpg,
709,2960.jpg,
710,2970.jpg,
711,2971.jpg,
712,2972.jpg,
713,2974.jpg,
714,2977.jpg,
715,2986.jpg,
716,2988.jpg,
717,2991.jpg,
718,2992.jpg,
719,2993.jpg,
720,2998.jpg,
721,3000.jpg,
722,3003.jpg,
723,3005.jpg,
724,3014.jpg,
725,3018.jpg,
726,3020.jpg,
727,3024.jpg,
728,3025.jpg,
729,3028.jpg,
730,3036.jpg,
731,3042.jpg,
732,3043.jpg,
733,3044.jpg,
734,3045.jpg,
735,3046.jpg,
736,3048.jpg,
737,3050.jpg,
738,3055.jpg,
739,3057.jpg,
740,3059.jpg,
741,3069.jpg,
742,3071.jpg,
743,3072.jpg,
744,3075.jpg,
745,3086.jpg,
746,3088.jpg,
747,3089.jpg,
748,3093.jpg,
749,3094.jpg,
750,3097.jpg,
751,3099.jpg,
752,3116.jpg,
753,3117.jpg,
754,3120.jpg,
755,3124.jpg,
756,3133.jpg,
757,3135.jpg,
758,3136.jpg,
759,3141.jpg,
760,3149.jpg,
761,3151.jpg,
762,3153.jpg,
763,3155.jpg,
764,3157.jpg,
765,3161.jpg,
766,3162.jpg,
767,3177.jpg,
768,3185.jpg,
769,3186.jpg,
770,3195.jpg,
771,3206.jpg,
772,3215.jpg,
773,3221.jpg,
774,3225.jpg,
775,3226.jpg,
776,3229.jpg,
777,3252.jpg,
778,3253.jpg,
779,3256.jpg,
780,3257.jpg,
781,3264.jpg,
782,3272.jpg,
783,3278.jpg,
784,3280.jpg,
785,3281.jpg,
786,3282.jpg,
787,3286.jpg,
788,3292.jpg,
789,3293.jpg,
790,3299.jpg,
791,3302.jpg,
792,3303.jpg,
793,3305.jpg,
794,3311.jpg,
795,3313.jpg,
796,3316.jpg,
797,3318.jpg,
798,3320.jpg,
799,3321.jpg,
800,3322.jpg,
801,3323.jpg,
802,3328.jpg,
803,3330.jpg,
804,3332.jpg,
805,3333.jpg,
806,3334.jpg,
807,3336.jpg,
808,3340.jpg,
809,3341.jpg,
810,3352.jpg,
811,3355.jpg,
812,3359.jpg,
813,3361.jpg,
814,3362.jpg,
815,3366.jpg,
816,3367.jpg,
817,3368.jpg,
818,3375.jpg,
819,3377.jpg,
820,3378.jpg,
821,3381.jpg,
822,3391.jpg,
823,3393.jpg,
824,3401.jpg,
825,3402.jpg,
826,3404.jpg,
827,3415.jpg,
828,3426.jpg,
829,3427.jpg,
830,3430.jpg,
831,3432.jpg,
832,3433.jpg,
833,3436.jpg,
834,3437.jpg,
835,3438.jpg,
836,3443.jpg,
837,3457.jpg,
838,3458.jpg,
839,3459.jpg,
840,3465.jpg,
841,3474.jpg,
842,3489.jpg,
843,3490.jpg,
844,3493.jpg,
845,3494.jpg,
846,3495.jpg,
847,3496.jpg,
848,3500.jpg,
849,3501.jpg,
850,3502.jpg,
851,3503.jpg,
852,3504.jpg,
853,3505.jpg,
854,3508.jpg,
855,3513.jpg,
856,3522.jpg,
857,3527.jpg,
858,3530.jpg,
859,3533.jpg,
860,3537.jpg,
861,3542.jpg,
862,3543.jpg,
863,3544.jpg,
864,3545.jpg,
865,3551.jpg,
866,3567.jpg,
867,3569.jpg,
868,3575.jpg,
869,3577.jpg,
870,3584.jpg,
871,3586.jpg,
872,3590.jpg,
873,3592.jpg,
874,3594.jpg,
875,3595.jpg,
876,3596.jpg,
877,3597.jpg,
878,3602.jpg,
879,3607.jpg,
880,3613.jpg,
881,3617.jpg,
882,3623.jpg,
883,3624.jpg,
884,3626.jpg,
885,3628.jpg,
886,3631.jpg,
887,3636.jpg,
888,3638.jpg,
889,3648.jpg,
890,3653.jpg,
891,3656.jpg,
892,3657.jpg,
893,3658.jpg,
894,3663.jpg,
895,3665.jpg,
896,3670.jpg,
897,3673.jpg,
898,3676.jpg,
899,3678.jpg,
900,3680.jpg,
901,3682.jpg,
902,3692.jpg,
903,3698.jpg,
904,3699.jpg,
905,3704.jpg,
906,3706.jpg,
907,3707.jpg,
908,3713.jpg,
909,3716.jpg,
910,3717.jpg,
911,3721.jpg,
912,3722.jpg,
913,3723.jpg,
914,3730.jpg,
915,3741.jpg,
916,3751.jpg,
917,3752.jpg,
918,3755.jpg,
919,3756.jpg,
920,3763.jpg,
921,3765.jpg,
922,3768.jpg,
923,3769.jpg,
924,3772.jpg,
925,3775.jpg,
926,3786.jpg,
927,3794.jpg,
928,3804.jpg,
929,3811.jpg,
930,3817.jpg,
931,3828.jpg,
932,3829.jpg,
933,3830.jpg,
934,3831.jpg,
935,3836.jpg,
936,3844.jpg,
937,3851.jpg,
938,3852.jpg,
939,3856.jpg,
940,3857.jpg,
941,3866.jpg,
942,3868.jpg,
943,3881.jpg,
944,3885.jpg,
945,3891.jpg,
946,3897.jpg,
947,3901.jpg,
948,3902.jpg,
949,3904.jpg,
950,3908.jpg,
951,3909.jpg,
952,3912.jpg,
953,3914.jpg,
954,3918.jpg,
955,3925.jpg,
956,3927.jpg,
957,3929.jpg,
958,3930.jpg,
959,3935.jpg,
960,3942.jpg,
961,3943.jpg,
962,3947.jpg,
963,3950.jpg,
964,3951.jpg,
965,3954.jpg,
966,3956.jpg,
967,3958.jpg,
968,3963.jpg,
969,3966.jpg,
970,3968.jpg,
971,3970.jpg,
972,3978.jpg,
973,3982.jpg,
974,3992.jpg,
975,3995.jpg,
976,3999.jpg,
977,4012.jpg,
978,4015.jpg,
979,4016.jpg,
980,4018.jpg,
981,4019.jpg,
982,4023.jpg,
983,4026.jpg,
984,4034.jpg,
985,4036.jpg,
986,4045.jpg,
987,4046.jpg,
988,4048.jpg,
989,4049.jpg,
990,4052.jpg,
991,4053.jpg,
992,4057.jpg,
993,4062.jpg,
994,4063.jpg,
995,4076.jpg,
996,4077.jpg,
997,4082.jpg,
998,4084.jpg,
999,4093.jpg,
1000,4104.jpg,
1001,4106.jpg,
1002,4113.jpg,
1003,4116.jpg,
1004,4118.jpg,
1005,4122.jpg,
1006,4125.jpg,
1007,4128.jpg,
1008,4129.jpg,
1009,4140.jpg,
1010,4146.jpg,
1011,4149.jpg,
1012,4151.jpg,
1013,4154.jpg,
1014,4161.jpg,
1015,4162.jpg,
1016,4165.jpg,
1017,4169.jpg,
1018,4171.jpg,
1019,4174.jpg,
1020,4177.jpg,
1021,4178.jpg,
1022,4179.jpg,
1023,4181.jpg,
1024,4182.jpg,
1025,4183.jpg,
1026,4185.jpg,
1027,4189.jpg,
1028,4190.jpg,
1029,4199.jpg,
1030,4200.jpg,
1031,4202.jpg,
1032,4204.jpg,
1033,4205.jpg,
1034,4208.jpg,
1035,4214.jpg,
1036,4215.jpg,
1037,4216.jpg,
1038,4218.jpg,
1039,4225.jpg,
1040,4228.jpg,
1041,4229.jpg,
1042,4230.jpg,
1043,4232.jpg,
1044,4234.jpg,
1045,4235.jpg,
1046,4236.jpg,
1047,4242.jpg,
1048,4253.jpg,
1049,4257.jpg,
1050,4259.jpg,
1051,4260.jpg,
1052,4261.jpg,
1053,4266.jpg,
1054,4267.jpg,
1055,4269.jpg,
1056,4272.jpg,
1057,4273.jpg,
1058,4274.jpg,
1059,4279.jpg,
1060,4290.jpg,
1061,4293.jpg,
1062,4304.jpg,
1063,4305.jpg,
1064,4312.jpg,
1065,4317.jpg,
1066,4319.jpg,
1067,4331.jpg,
1068,4334.jpg,
1069,4337.jpg,
1070,4339.jpg,
1071,4348.jpg,
1072,4352.jpg,
1073,4354.jpg,
1074,4355.jpg,
1075,4366.jpg,
1076,4369.jpg,
1077,4370.jpg,
1078,4371.jpg,
1079,4384.jpg,
1080,4385.jpg,
1081,4386.jpg,
1082,4387.jpg,
1083,4389.jpg,
1084,4390.jpg,
1085,4397.jpg,
1086,4398.jpg,
1087,4400.jpg,
1088,4405.jpg,
1089,4407.jpg,
1090,4413.jpg,
1091,4417.jpg,
1092,4427.jpg,
1093,4438.jpg,
1094,4447.jpg,
1095,4451.jpg,
1096,4455.jpg,
1097,4463.jpg,
1098,4464.jpg,
1099,4465.jpg,
1100,4468.jpg,
1101,4472.jpg,
1102,4474.jpg,
1103,4475.jpg,
1104,4476.jpg,
1105,4477.jpg,
1106,4488.jpg,
1107,4489.jpg,
1108,4495.jpg,
1109,4497.jpg,
1110,4500.jpg,
1111,4503.jpg,
1112,4504.jpg,
1113,4506.jpg,
1114,4512.jpg,
1115,4518.jpg,
1116,4519.jpg,
1117,4520.jpg,
1118,4523.jpg,
1119,4526.jpg,
1120,4530.jpg,
1121,4531.jpg,
1122,4533.jpg,
1123,4534.jpg,
1124,4535.jpg,
1125,4539.jpg,
1126,4545.jpg,
1127,4547.jpg,
1128,4549.jpg,
1129,4550.jpg,
1130,4554.jpg,
1131,4557.jpg,
1132,4560.jpg,
1133,4565.jpg,
1134,4567.jpg,
1135,4571.jpg,
1136,4572.jpg,
1137,4575.jpg,
1138,4582.jpg,
1139,4583.jpg,
1140,4592.jpg,
1141,4594.jpg,
1142,4597.jpg,
1143,4604.jpg,
1144,4605.jpg,
1145,4615.jpg,
1146,4621.jpg,
1147,4628.jpg,
1148,4638.jpg,
1149,4639.jpg,
1150,4641.jpg,
1151,4648.jpg,
1152,4649.jpg,
1153,4650.jpg,
1154,4654.jpg,
1155,4655.jpg,
1156,4669.jpg,
1157,4670.jpg,
1158,4671.jpg,
1159,4672.jpg,
1160,4673.jpg,
1161,4678.jpg,
1162,4680.jpg,
1163,4685.jpg,
1164,4694.jpg,
1165,4695.jpg,
1166,4696.jpg,
1167,4700.jpg,
1168,4704.jpg,
1169,4706.jpg,
1170,4716.jpg,
1171,4717.jpg,
1172,4726.jpg,
1173,4731.jpg,
1174,4732.jpg,
1175,4738.jpg,
1176,4742.jpg,
1177,4744.jpg,
1178,4747.jpg,
1179,4750.jpg,
1180,4751.jpg,
1181,4754.jpg,
1182,4761.jpg,
1183,4765.jpg,
1184,4766.jpg,
1185,4774.jpg,
1186,4778.jpg,
1187,4786.jpg,
1188,4789.jpg,
1189,4794.jpg,
1190,4797.jpg,
1191,4799.jpg,
1192,4802.jpg,
1193,4805.jpg,
1194,4807.jpg,
1195,4809.jpg,
1196,4815.jpg,
1197,4819.jpg,
1198,4827.jpg,
1199,4833.jpg,
1200,4837.jpg,
1201,4839.jpg,
1202,4842.jpg,
1203,4843.jpg,
1204,4848.jpg,
1205,4853.jpg,
1206,4862.jpg,
1207,4865.jpg,
1208,4867.jpg,
1209,4873.jpg,
1210,4884.jpg,
1211,4890.jpg,
1212,4892.jpg,
1213,4899.jpg,
1214,4902.jpg,
1215,4908.jpg,
1216,4911.jpg,
1217,4914.jpg,
1218,4915.jpg,
1219,4916.jpg,
1220,4924.jpg,
1221,4930.jpg,
1222,4931.jpg,
1223,4933.jpg,
1224,4935.jpg,
1225,4939.jpg,
1226,4945.jpg,
1227,4951.jpg,
1228,4952.jpg,
1229,4954.jpg,
1230,4961.jpg,
1231,4965.jpg,
1232,4969.jpg,
1233,4972.jpg,
1234,4984.jpg,
1235,4988.jpg,
1236,4990.jpg,
1237,4991.jpg,
1238,4997.jpg,
1239,5001.jpg,
1240,5002.jpg,
1241,5003.jpg,
1242,5006.jpg,
1243,5008.jpg,
1244,5011.jpg,
1245,5014.jpg,
1246,5018.jpg,
1247,5021.jpg,
1248,5034.jpg,
1249,5036.jpg,
1250,5039.jpg,
1251,5049.jpg,
1252,5050.jpg,
1253,5051.jpg,
1254,5052.jpg,
1255,5053.jpg,
1256,5057.jpg,
1257,5058.jpg,
1258,5061.jpg,
1259,5062.jpg,
1260,5066.jpg,
1261,5068.jpg,
1262,5077.jpg,
1263,5080.jpg,
1264,5086.jpg,
1265,5092.jpg,
1266,5093.jpg,
1267,5100.jpg,
1268,5106.jpg,
1269,5111.jpg,
1270,5113.jpg,
1271,5114.jpg,
1272,5118.jpg,
1273,5119.jpg,
1274,5120.jpg,
1275,5125.jpg,
1276,5136.jpg,
1277,5138.jpg,
1278,5144.jpg,
1279,5148.jpg,
1280,5150.jpg,
1281,5152.jpg,
1282,5158.jpg,
1283,5163.jpg,
1284,5169.jpg,
1285,5171.jpg,
1286,5172.jpg,
1287,5180.jpg,
1288,5182.jpg,
1289,5185.jpg,
1290,5188.jpg,
1291,5195.jpg,
1292,5197.jpg,
1293,5206.jpg,
1294,5209.jpg,
1295,5210.jpg,
1296,5216.jpg,
1297,5217.jpg,
1298,5219.jpg,
1299,5234.jpg,
1300,5238.jpg,
1301,5239.jpg,
1302,5242.jpg,
1303,5245.jpg,
1304,5252.jpg,
1305,5265.jpg,
1306,5268.jpg,
1307,5272.jpg,
1308,5274.jpg,
1309,5277.jpg,
1310,5279.jpg,
1311,5282.jpg,
1312,5285.jpg,
1313,5286.jpg,
1314,5288.jpg,
1315,5291.jpg,
1316,5294.jpg,
1317,5295.jpg,
1318,5299.jpg,
1319,5301.jpg,
1320,5307.jpg,
1321,5310.jpg,
1322,5320.jpg,
1323,5321.jpg,
1324,5332.jpg,
1325,5333.jpg,
1326,5335.jpg,
1327,5346.jpg,
1328,5347.jpg,
1329,5348.jpg,
1330,5351.jpg,
1331,5355.jpg,
1332,5357.jpg,
1333,5358.jpg,
1334,5368.jpg,
1335,5375.jpg,
1336,5376.jpg,
1337,5377.jpg,
1338,5380.jpg,
1339,5381.jpg,
1340,5385.jpg,
1341,5386.jpg,
1342,5387.jpg,
1343,5392.jpg,
1344,5397.jpg,
1345,5401.jpg,
1346,5403.jpg,
1347,5405.jpg,
1348,5408.jpg,
1349,5411.jpg,
1350,5414.jpg,
1351,5415.jpg,
1352,5424.jpg,
1353,5425.jpg,
1354,5428.jpg,
1355,5430.jpg,
1356,5431.jpg,
1357,5437.jpg,
1358,5444.jpg,
1359,5450.jpg,
1360,5454.jpg,
1361,5456.jpg,
1362,5459.jpg,
1363,5463.jpg,
1364,5465.jpg,
1365,5467.jpg,
1366,5473.jpg,
1367,5478.jpg,
1368,5479.jpg,
1369,5481.jpg,
1370,5482.jpg,
1371,5484.jpg,
1372,5486.jpg,
1373,5496.jpg,
1374,5500.jpg,
1375,5503.jpg,
1376,5509.jpg,
1377,5516.jpg,
1378,5520.jpg,
1379,5523.jpg,
1380,5525.jpg,
1381,5533.jpg,
1382,5534.jpg,
1383,5536.jpg,
1384,5539.jpg,
1385,5552.jpg,
1386,5560.jpg,
1387,5563.jpg,
1388,5564.jpg,
1389,5567.jpg,
1390,5569.jpg,
1391,5572.jpg,
1392,5574.jpg,
1393,5577.jpg,
1394,5585.jpg,
1395,5587.jpg,
1396,5591.jpg,
1397,5595.jpg,
1398,5596.jpg,
1399,5598.jpg,
1400,5605.jpg,
1401,5607.jpg,
1402,5610.jpg,
1403,5611.jpg,
1404,5614.jpg,
1405,5621.jpg,
1406,5627.jpg,
1407,5628.jpg,
1408,5632.jpg,
1409,5633.jpg,
1410,5639.jpg,
1411,5640.jpg,
1412,5646.jpg,
1413,5650.jpg,
1414,5651.jpg,
1415,5653.jpg,
1416,5661.jpg,
1417,5677.jpg,
1418,5679.jpg,
1419,5684.jpg,
1420,5688.jpg,
1421,5692.jpg,
1422,5694.jpg,
1423,5696.jpg,
1424,5698.jpg,
1425,5700.jpg,
1426,5707.jpg,
1427,5708.jpg,
1428,5711.jpg,
1429,5716.jpg,
1430,5720.jpg,
1431,5729.jpg,
1432,5733.jpg,
1433,5741.jpg,
1434,5744.jpg,
1435,5750.jpg,
1436,5764.jpg,
1437,5766.jpg,
1438,5768.jpg,
1439,5773.jpg,
1440,5783.jpg,
1441,5785.jpg,
1442,5788.jpg,
1443,5789.jpg,
1444,5793.jpg,
1445,5796.jpg,
1446,5801.jpg,
1447,5802.jpg,
1448,5804.jpg,
1449,5807.jpg,
1450,5808.jpg,
1451,5811.jpg,
1452,5820.jpg,
1453,5826.jpg,
1454,5832.jpg,
1455,5841.jpg,
1456,5849.jpg,
1457,5850.jpg,
1458,5851.jpg,
1459,5854.jpg,
1460,5856.jpg,
1461,5859.jpg,
1462,5862.jpg,
1463,5867.jpg,
1464,5870.jpg,
1465,5895.jpg,
1466,5900.jpg,
1467,5905.jpg,
1468,5907.jpg,
1469,5908.jpg,
1470,5910.jpg,
1471,5917.jpg,
1472,5919.jpg,
1473,5920.jpg,
1474,5923.jpg,
1475,5924.jpg,
1476,5927.jpg,
1477,5933.jpg,
1478,5935.jpg,
1479,5944.jpg,
1480,5945.jpg,
1481,5946.jpg,
1482,5950.jpg,
1483,5951.jpg,
1484,5952.jpg,
1485,5960.jpg,
1486,5962.jpg,
1487,5963.jpg,
1488,5968.jpg,
1489,5969.jpg,
1490,5970.jpg,
1491,5974.jpg,
1492,5975.jpg,
1493,5976.jpg,
1494,5984.jpg,
1495,5987.jpg,
1496,5988.jpg,
1497,5989.jpg,
1498,5990.jpg,
1499,5996.jpg,
1500,6005.jpg,
1501,6009.jpg,
1502,6015.jpg,
1503,6022.jpg,
1504,6023.jpg,
1505,6024.jpg,
1506,6025.jpg,
1507,6029.jpg,
1508,6030.jpg,
1509,6033.jpg,
1510,6036.jpg,
1511,6037.jpg,
1512,6044.jpg,
1513,6047.jpg,
1514,6048.jpg,
1515,6050.jpg,
1516,6052.jpg,
1517,6053.jpg,
1518,6056.jpg,
1519,6057.jpg,
1520,6058.jpg,
1521,6064.jpg,
1522,6065.jpg,
1523,6068.jpg,
1524,6071.jpg,
1525,6077.jpg,
1526,6079.jpg,
1527,6085.jpg,
1528,6091.jpg,
1529,6094.jpg,
1530,6096.jpg,
1531,6099.jpg,
1532,6101.jpg,
1533,6105.jpg,
1534,6108.jpg,
1535,6109.jpg,
1536,6111.jpg,
1537,6112.jpg,
1538,6127.jpg,
1539,6128.jpg,
1540,6129.jpg,
1541,6132.jpg,
1542,6135.jpg,
1543,6137.jpg,
1544,6139.jpg,
1545,6140.jpg,
1546,6146.jpg,
1547,6151.jpg,
1548,6152.jpg,
1549,6156.jpg,
1550,6157.jpg,
1551,6163.jpg,
1552,6164.jpg,
1553,6165.jpg,
1554,6166.jpg,
1555,6167.jpg,
1556,6172.jpg,
1557,6178.jpg,
1558,6181.jpg,
1559,6182.jpg,
1560,6188.jpg,
1561,6190.jpg,
1562,6191.jpg,
1563,6195.jpg,
1564,6196.jpg,
1565,6197.jpg,
1566,6201.jpg,
1567,6202.jpg,
1568,6210.jpg,
1569,6212.jpg,
1570,6214.jpg,
1571,6215.jpg,
1572,6220.jpg,
1573,6224.jpg,
1574,6225.jpg,
1575,6227.jpg,
1576,6233.jpg,
1577,6235.jpg,
1578,6238.jpg,
1579,6241.jpg,
1580,6243.jpg,
1581,6251.jpg,
1582,6253.jpg,
1583,6256.jpg,
1584,6261.jpg,
1585,6263.jpg,
1586,6265.jpg,
1587,6266.jpg,
1588,6272.jpg,
1589,6274.jpg,
1590,6275.jpg,
1591,6278.jpg,
1592,6281.jpg,
1593,6283.jpg,
1594,6291.jpg,
1595,6292.jpg,
1596,6293.jpg,
1597,6295.jpg,
1598,6296.jpg,
1599,6297.jpg,
1600,6298.jpg,
1601,6305.jpg,
1602,6309.jpg,
1603,6310.jpg,
1604,6314.jpg,
1605,6316.jpg,
1606,6318.jpg,
1607,6324.jpg,
1608,6328.jpg,
1609,6330.jpg,
1610,6331.jpg,
1611,6332.jpg,
1612,6339.jpg,
1613,6340.jpg,
1614,6344.jpg,
1615,6346.jpg,
1616,6347.jpg,
1617,6352.jpg,
1618,6356.jpg,
1619,6358.jpg,
1620,6363.jpg,
1621,6366.jpg,
1622,6367.jpg,
1623,6372.jpg,
1624,6375.jpg,
1625,6378.jpg,
1626,6379.jpg,
1627,6381.jpg,
1628,6386.jpg,
1629,6389.jpg,
1630,6390.jpg,
1631,6391.jpg,
1632,6392.jpg,
1633,6393.jpg,
1634,6402.jpg,
1635,6404.jpg,
1636,6409.jpg,
1637,6410.jpg,
1638,6412.jpg,
1639,6414.jpg,
1640,6416.jpg,
1641,6422.jpg,
1642,6428.jpg,
1643,6432.jpg,
1644,6434.jpg,
1645,6438.jpg,
1646,6440.jpg,
1647,6444.jpg,
1648,6450.jpg,
1649,6454.jpg,
1650,6459.jpg,
1651,6460.jpg,
1652,6466.jpg,
1653,6468.jpg,
1654,6479.jpg,
1655,6483.jpg,
1656,6488.jpg,
1657,6494.jpg,
1658,6495.jpg,
1659,6498.jpg,
1660,6500.jpg,
1661,6501.jpg,
1662,6508.jpg,
1663,6513.jpg,
1664,6515.jpg,
1665,6522.jpg,
1666,6523.jpg,
1667,6526.jpg,
1668,6527.jpg,
1669,6529.jpg,
1670,6534.jpg,
1671,6535.jpg,
1672,6537.jpg,
1673,6543.jpg,
1674,6544.jpg,
1675,6545.jpg,
1676,6549.jpg,
1677,6551.jpg,
1678,6554.jpg,
1679,6560.jpg,
1680,6563.jpg,
1681,6567.jpg,
1682,6578.jpg,
1683,6582.jpg,
1684,6589.jpg,
1685,6590.jpg,
1686,6591.jpg,
1687,6603.jpg,
1688,6607.jpg,
1689,6608.jpg,
1690,6612.jpg,
1691,6616.jpg,
1692,6619.jpg,
1693,6620.jpg,
1694,6621.jpg,
1695,6625.jpg,
1696,6628.jpg,
1697,6632.jpg,
1698,6634.jpg,
1699,6639.jpg,
1700,6645.jpg,
1701,6646.jpg,
1702,6650.jpg,
1703,6654.jpg,
1704,6656.jpg,
1705,6660.jpg,
1706,6661.jpg,
1707,6662.jpg,
1708,6663.jpg,
1709,6665.jpg,
1710,6676.jpg,
1711,6678.jpg,
1712,6689.jpg,
1713,6692.jpg,
1714,6696.jpg,
1715,6697.jpg,
1716,6703.jpg,
1717,6711.jpg,
1718,6714.jpg,
1719,6721.jpg,
1720,6723.jpg,
1721,6728.jpg,
1722,6730.jpg,
1723,6731.jpg,
1724,6736.jpg,
1725,6742.jpg,
1726,6744.jpg,
1727,6748.jpg,
1728,6749.jpg,
1729,6750.jpg,
1730,6751.jpg,
1731,6752.jpg,
1732,6757.jpg,
1733,6760.jpg,
1734,6761.jpg,
1735,6763.jpg,
1736,6764.jpg,
1737,6765.jpg,
1738,6766.jpg,
1739,6768.jpg,
1740,6777.jpg,
1741,6781.jpg,
1742,6782.jpg,
1743,6787.jpg,
1744,6788.jpg,
1745,6789.jpg,
1746,6793.jpg,
1747,6795.jpg,
1748,6800.jpg,
1749,6805.jpg,
1750,6811.jpg,
1751,6813.jpg,
1752,6816.jpg,
1753,6818.jpg,
1754,6819.jpg,
1755,6820.jpg,
1756,6822.jpg,
1757,6825.jpg,
1758,6828.jpg,
1759,6830.jpg,
1760,6831.jpg,
1761,6833.jpg,
1762,6834.jpg,
1763,6837.jpg,
1764,6843.jpg,
1765,6844.jpg,
1766,6845.jpg,
1767,6851.jpg,
1768,6858.jpg,
1769,6860.jpg,
1770,6864.jpg,
1771,6869.jpg,
1772,6873.jpg,
1773,6875.jpg,
1774,6882.jpg,
1775,6884.jpg,
1776,6885.jpg,
1777,6888.jpg,
1778,6889.jpg,
1779,6890.jpg,
1780,6891.jpg,
1781,6892.jpg,
1782,6896.jpg,
1783,6899.jpg,
1784,6901.jpg,
1785,6902.jpg,
1786,6903.jpg,
1787,6911.jpg,
1788,6912.jpg,
1789,6913.jpg,
1790,6915.jpg,
1791,6919.jpg,
1792,6920.jpg,
1793,6921.jpg,
1794,6922.jpg,
1795,6925.jpg,
1796,6926.jpg,
1797,6928.jpg,
1798,6933.jpg,
1799,6935.jpg,
1800,6938.jpg,
1801,6939.jpg,
1802,6949.jpg,
1803,6951.jpg,
1804,6953.jpg,
1805,6956.jpg,
1806,6958.jpg,
1807,6959.jpg,
1808,6964.jpg,
1809,6966.jpg,
1810,6970.jpg,
1811,6972.jpg,
1812,6983.jpg,
1813,6985.jpg,
1814,6990.jpg,
1815,6994.jpg,
1816,6995.jpg,
1817,6996.jpg,
1818,7011.jpg,
1819,7016.jpg,
1820,7018.jpg,
1821,7019.jpg,
1822,7021.jpg,
1823,7023.jpg,
1824,7024.jpg,
1825,7025.jpg,
1826,7026.jpg,
1827,7027.jpg,
1828,7028.jpg,
1829,7033.jpg,
1830,7039.jpg,
1831,7041.jpg,
1832,7049.jpg,
1833,7050.jpg,
1834,7053.jpg,
1835,7056.jpg,
1836,7058.jpg,
1837,7067.jpg,
1838,7068.jpg,
1839,7072.jpg,
1840,7080.jpg,
1841,7081.jpg,
1842,7082.jpg,
1843,7089.jpg,
1844,7094.jpg,
1845,7096.jpg,
1846,7102.jpg,
1847,7103.jpg,
1848,7106.jpg,
1849,7107.jpg,
1850,7109.jpg,
1851,7115.jpg,
1852,7116.jpg,
1853,7117.jpg,
1854,7118.jpg,
1855,7122.jpg,
1856,7124.jpg,
1857,7126.jpg,
1858,7128.jpg,
1859,7131.jpg,
1860,7134.jpg,
1861,7138.jpg,
1862,7140.jpg,
1863,7141.jpg,
1864,7150.jpg,
1865,7152.jpg,
1866,7153.jpg,
1867,7158.jpg,
1868,7164.jpg,
1869,7167.jpg,
1870,7168.jpg,
1871,7181.jpg,
1872,7185.jpg,
1873,7188.jpg,
1874,7190.jpg,
1875,7192.jpg,
1876,7193.jpg,
1877,7198.jpg,
1878,7201.jpg,
1879,7207.jpg,
1880,7208.jpg,
1881,7209.jpg,
1882,7216.jpg,
1883,7217.jpg,
1884,7219.jpg,
1885,7220.jpg,
1886,7222.jpg,
1887,7224.jpg,
1888,7227.jpg,
1889,7228.jpg,
1890,7229.jpg,
1891,7230.jpg,
1892,7232.jpg,
1893,7239.jpg,
1894,7240.jpg,
1895,7248.jpg,
1896,7249.jpg,
1897,7250.jpg,
1898,7251.jpg,
1899,7253.jpg,
1900,7255.jpg,
1901,7256.jpg,
1902,7259.jpg,
1903,7261.jpg,
1904,7267.jpg,
1905,7268.jpg,
1906,7270.jpg,
1907,7271.jpg,
1908,7281.jpg,
1909,7285.jpg,
1910,7286.jpg,
1911,7290.jpg,
1912,7291.jpg,
1913,7294.jpg,
1914,7295.jpg,
1915,7303.jpg,
1916,7305.jpg,
1917,7314.jpg,
1918,7325.jpg,
1919,7328.jpg,
1920,7339.jpg,
1921,7345.jpg,
1922,7353.jpg,
1923,7354.jpg,
1924,7358.jpg,
1925,7364.jpg,
1926,7373.jpg,
1927,7374.jpg,
1928,7377.jpg,
1929,7378.jpg,
1930,7381.jpg,
1931,7383.jpg,
1932,7384.jpg,
1933,7385.jpg,
1934,7386.jpg,
1935,7390.jpg,
1936,7394.jpg,
1937,7398.jpg,
1938,7401.jpg,
1939,7409.jpg,
1940,7410.jpg,
1941,7411.jpg,
1942,7414.jpg,
1943,7420.jpg,
1944,7421.jpg,
1945,7424.jpg,
1946,7438.jpg,
1947,7441.jpg,
1948,7447.jpg,
1949,7450.jpg,
1950,7451.jpg,
1951,7455.jpg,
1952,7456.jpg,
1953,7461.jpg,
1954,7462.jpg,
1955,7463.jpg,
1956,7464.jpg,
1957,7470.jpg,
1958,7473.jpg,
1959,7474.jpg,
1960,7478.jpg,
1961,7481.jpg,
1962,7490.jpg,
1963,7495.jpg,
1964,7497.jpg,
1965,7498.jpg,
1966,7501.jpg,
1967,7506.jpg,
1968,7510.jpg,
1969,7516.jpg,
1970,7524.jpg,
1971,7527.jpg,
1972,7529.jpg,
1973,7536.jpg,
1974,7537.jpg,
1975,7539.jpg,
1976,7541.jpg,
1977,7543.jpg,
1978,7545.jpg,
1979,7548.jpg,
1980,7550.jpg,
1981,7560.jpg,
1982,7563.jpg,
1983,7566.jpg,
1984,7568.jpg,
1985,7571.jpg,
1986,7573.jpg,
1987,7577.jpg,
1988,7580.jpg,
1989,7585.jpg,
1990,7589.jpg,
1991,7590.jpg,
1992,7593.jpg,
1993,7597.jpg,
1994,7599.jpg,
1995,7601.jpg,
1996,7609.jpg,
1997,7611.jpg,
1998,7626.jpg,
1999,7627.jpg,
2000,7629.jpg,
2001,7634.jpg,
2002,7642.jpg,
2003,7648.jpg,
2004,7650.jpg,
2005,7657.jpg,
2006,7658.jpg,
2007,7659.jpg,
2008,7660.jpg,
2009,7666.jpg,
2010,7669.jpg,
2011,7670.jpg,
2012,7680.jpg,
2013,7683.jpg,
2014,7694.jpg,
2015,7695.jpg,
2016,7698.jpg,
2017,7701.jpg,
2018,7705.jpg,
2019,7706.jpg,
2020,7711.jpg,
2021,7715.jpg,
2022,7719.jpg,
2023,7720.jpg,
2024,7730.jpg,
2025,7731.jpg,
2026,7735.jpg,
2027,7737.jpg,
2028,7742.jpg,
2029,7743.jpg,
2030,7744.jpg,
2031,7747.jpg,
2032,7752.jpg,
2033,7753.jpg,
2034,7757.jpg,
2035,7762.jpg,
2036,7767.jpg,
2037,7770.jpg,
2038,7771.jpg,
2039,7773.jpg,
2040,7778.jpg,
2041,7785.jpg,
2042,7790.jpg,
2043,7791.jpg,
2044,7792.jpg,
2045,7794.jpg,
2046,7797.jpg,
2047,7801.jpg,
2048,7819.jpg,
2049,7823.jpg,
2050,7826.jpg,
2051,7828.jpg,
2052,7829.jpg,
2053,7831.jpg,
2054,7834.jpg,
2055,7836.jpg,
2056,7837.jpg,
2057,7838.jpg,
2058,7839.jpg,
2059,7842.jpg,
2060,7843.jpg,
2061,7846.jpg,
2062,7847.jpg,
2063,7848.jpg,
2064,7849.jpg,
2065,7850.jpg,
2066,7852.jpg,
2067,7853.jpg,
2068,7857.jpg,
2069,7859.jpg,
2070,7869.jpg,
2071,7874.jpg,
2072,7876.jpg,
2073,7880.jpg,
2074,7881.jpg,
2075,7882.jpg,
2076,7886.jpg,
2077,7888.jpg,
2078,7890.jpg,
2079,7892.jpg,
2080,7893.jpg,
2081,7898.jpg,
2082,7899.jpg,
2083,7901.jpg,
2084,7902.jpg,
2085,7903.jpg,
2086,7910.jpg,
2087,7916.jpg,
2088,7917.jpg,
2089,7918.jpg,
2090,7920.jpg,
2091,7924.jpg,
2092,7926.jpg,
2093,7928.jpg,
2094,7931.jpg,
2095,7934.jpg,
2096,7936.jpg,
2097,7941.jpg,
2098,7942.jpg,
2099,7959.jpg,
2100,7966.jpg,
2101,7968.jpg,
2102,7969.jpg,
2103,7971.jpg,
2104,7974.jpg,
2105,7980.jpg,
2106,7984.jpg,
2107,7986.jpg,
2108,7987.jpg,
2109,7988.jpg,
2110,7989.jpg,
2111,7993.jpg,
2112,8000.jpg,
2113,8004.jpg,
2114,8005.jpg,
2115,8010.jpg,
2116,8013.jpg,
2117,8014.jpg,
2118,8016.jpg,
2119,8017.jpg,
2120,8020.jpg,
2121,8023.jpg,
2122,8024.jpg,
2123,8025.jpg,
2124,8026.jpg,
2125,8031.jpg,
2126,8032.jpg,
2127,8033.jpg,
2128,8034.jpg,
2129,8036.jpg,
2130,8038.jpg,
2131,8039.jpg,
2132,8043.jpg,
2133,8046.jpg,
2134,8049.jpg,
2135,8052.jpg,
2136,8054.jpg,
2137,8062.jpg,
2138,8063.jpg,
2139,8067.jpg,
2140,8068.jpg,
2141,8071.jpg,
2142,8083.jpg,
2143,8094.jpg,
2144,8098.jpg,
2145,8102.jpg,
2146,8104.jpg,
2147,8105.jpg,
2148,8106.jpg,
2149,8110.jpg,
2150,8111.jpg,
2151,8115.jpg,
2152,8117.jpg,
2153,8119.jpg,
2154,8120.jpg,
2155,8122.jpg,
2156,8124.jpg,
2157,8125.jpg,
2158,8127.jpg,
2159,8129.jpg,
2160,8136.jpg,
2161,8137.jpg,
2162,8138.jpg,
2163,8142.jpg,
2164,8145.jpg,
2165,8148.jpg,
2166,8158.jpg,
2167,8161.jpg,
2168,8162.jpg,
2169,8164.jpg,
2170,8166.jpg,
2171,8176.jpg,
2172,8177.jpg,
2173,8179.jpg,
2174,8180.jpg,
2175,8183.jpg,
2176,8186.jpg,
2177,8188.jpg,
2178,8189.jpg,
2179,8190.jpg,
2180,8192.jpg,
2181,8193.jpg,
2182,8194.jpg,
2183,8196.jpg,
2184,8209.jpg,
2185,8210.jpg,
2186,8214.jpg,
2187,8217.jpg,
2188,8218.jpg,
2189,8224.jpg,
2190,8230.jpg,
2191,8234.jpg,
2192,8235.jpg,
2193,8236.jpg,
2194,8238.jpg,
2195,8240.jpg,
2196,8241.jpg,
2197,8245.jpg,
2198,8251.jpg,
2199,8255.jpg,
2200,8259.jpg,
2201,8260.jpg,
2202,8264.jpg,
2203,8266.jpg,
2204,8268.jpg,
2205,8270.jpg,
2206,8273.jpg,
2207,8278.jpg,
2208,8284.jpg,
2209,8286.jpg,
2210,8292.jpg,
2211,8294.jpg,
2212,8296.jpg,
2213,8302.jpg,
2214,8305.jpg,
2215,8312.jpg,
2216,8316.jpg,
2217,8318.jpg,
2218,8322.jpg,
2219,8323.jpg,
2220,8327.jpg,
2221,8328.jpg,
2222,8330.jpg,
2223,8331.jpg,
2224,8333.jpg,
2225,8334.jpg,
2226,8339.jpg,
2227,8343.jpg,
2228,8355.jpg,
2229,8357.jpg,
2230,8361.jpg,
2231,8363.jpg,
2232,8365.jpg,
2233,8369.jpg,
2234,8376.jpg,
2235,8377.jpg,
2236,8384.jpg,
2237,8388.jpg,
2238,8389.jpg,
2239,8393.jpg,
2240,8395.jpg,
2241,8400.jpg,
2242,8404.jpg,
2243,8406.jpg,
2244,8411.jpg,
2245,8415.jpg,
2246,8428.jpg,
2247,8430.jpg,
2248,8434.jpg,
2249,8440.jpg,
2250,8442.jpg,
2251,8443.jpg,
2252,8445.jpg,
2253,8446.jpg,
2254,8455.jpg,
2255,8456.jpg,
2256,8462.jpg,
2257,8465.jpg,
2258,8466.jpg,
2259,8469.jpg,
2260,8472.jpg,
2261,8475.jpg,
2262,8482.jpg,
2263,8488.jpg,
2264,8489.jpg,
2265,8495.jpg,
2266,8503.jpg,
2267,8509.jpg,
2268,8510.jpg,
2269,8514.jpg,
2270,8516.jpg,
2271,8526.jpg,
2272,8527.jpg,
2273,8535.jpg,
2274,8539.jpg,
2275,8540.jpg,
2276,8541.jpg,
2277,8547.jpg,
2278,8548.jpg,
2279,8550.jpg,
2280,8553.jpg,
2281,8555.jpg,
2282,8556.jpg,
2283,8559.jpg,
2284,8565.jpg,
2285,8575.jpg,
2286,8576.jpg,
2287,8578.jpg,
2288,8581.jpg,
2289,8582.jpg,
2290,8583.jpg,
2291,8586.jpg,
2292,8589.jpg,
2293,8590.jpg,
2294,8592.jpg,
2295,8609.jpg,
2296,8613.jpg,
2297,8617.jpg,
2298,8624.jpg,
2299,8626.jpg,
2300,8627.jpg,
2301,8631.jpg,
2302,8632.jpg,
2303,8634.jpg,
2304,8636.jpg,
2305,8637.jpg,
2306,8638.jpg,
2307,8639.jpg,
2308,8644.jpg,
2309,8646.jpg,
2310,8650.jpg,
2311,8652.jpg,
2312,8655.jpg,
2313,8658.jpg,
2314,8663.jpg,
2315,8666.jpg,
2316,8667.jpg,
2317,8668.jpg,
2318,8672.jpg,
2319,8673.jpg,
2320,8678.jpg,
2321,8679.jpg,
2322,8681.jpg,
2323,8684.jpg,
2324,8689.jpg,
2325,8700.jpg,
2326,8703.jpg,
2327,8710.jpg,
2328,8713.jpg,
2329,8718.jpg,
2330,8729.jpg,
2331,8736.jpg,
2332,8737.jpg,
2333,8738.jpg,
2334,8739.jpg,
2335,8743.jpg,
2336,8751.jpg,
2337,8752.jpg,
2338,8754.jpg,
2339,8756.jpg,
2340,8758.jpg,
2341,8761.jpg,
2342,8762.jpg,
2343,8765.jpg,
2344,8770.jpg,
2345,8771.jpg,
2346,8772.jpg,
2347,8773.jpg,
2348,8781.jpg,
2349,8784.jpg,
2350,8787.jpg,
2351,8788.jpg,
2352,8797.jpg,
2353,8798.jpg,
2354,8800.jpg,
2355,8806.jpg,
2356,8807.jpg,
2357,8811.jpg,
2358,8812.jpg,
2359,8818.jpg,
2360,8821.jpg,
2361,8822.jpg,
2362,8827.jpg,
2363,8831.jpg,
2364,8833.jpg,
2365,8834.jpg,
2366,8835.jpg,
2367,8839.jpg,
2368,8840.jpg,
2369,8841.jpg,
2370,8842.jpg,
2371,8844.jpg,
2372,8848.jpg,
2373,8852.jpg,
2374,8858.jpg,
2375,8859.jpg,
2376,8869.jpg,
2377,8877.jpg,
2378,8878.jpg,
2379,8880.jpg,
2380,8886.jpg,
2381,8888.jpg,
2382,8889.jpg,
2383,8891.jpg,
2384,8896.jpg,
2385,8901.jpg,
2386,8905.jpg,
2387,8906.jpg,
2388,8908.jpg,
2389,8912.jpg,
2390,8913.jpg,
2391,8915.jpg,
2392,8917.jpg,
2393,8919.jpg,
2394,8920.jpg,
2395,8927.jpg,
2396,8928.jpg,
2397,8930.jpg,
2398,8932.jpg,
2399,8936.jpg,
2400,8939.jpg,
2401,8940.jpg,
2402,8946.jpg,
2403,8948.jpg,
2404,8952.jpg,
2405,8954.jpg,
2406,8959.jpg,
2407,8960.jpg,
2408,8966.jpg,
2409,8968.jpg,
2410,8971.jpg,
2411,8975.jpg,
2412,8979.jpg,
2413,8982.jpg,
2414,8984.jpg,
2415,8985.jpg,
2416,8989.jpg,
2417,8994.jpg,
2418,8995.jpg,
2419,8996.jpg,
2420,9010.jpg,
2421,9011.jpg,
2422,9013.jpg,
2423,9014.jpg,
2424,9015.jpg,
2425,9020.jpg,
2426,9024.jpg,
2427,9027.jpg,
2428,9029.jpg,
2429,9031.jpg,
2430,9038.jpg,
2431,9040.jpg,
2432,9041.jpg,
2433,9042.jpg,
2434,9043.jpg,
2435,9044.jpg,
2436,9045.jpg,
2437,9046.jpg,
2438,9048.jpg,
2439,9052.jpg,
2440,9054.jpg,
2441,9065.jpg,
2442,9066.jpg,
2443,9073.jpg,
2444,9074.jpg,
2445,9082.jpg,
2446,9087.jpg,
2447,9091.jpg,
2448,9092.jpg,
2449,9096.jpg,
2450,9105.jpg,
2451,9113.jpg,
2452,9118.jpg,
2453,9119.jpg,
2454,9120.jpg,
2455,9121.jpg,
2456,9123.jpg,
2457,9128.jpg,
2458,9131.jpg,
2459,9132.jpg,
2460,9133.jpg,
2461,9134.jpg,
2462,9137.jpg,
2463,9138.jpg,
2464,9141.jpg,
2465,9145.jpg,
2466,9147.jpg,
2467,9150.jpg,
2468,9158.jpg,
2469,9159.jpg,
2470,9165.jpg,
2471,9170.jpg,
2472,9171.jpg,
2473,9174.jpg,
2474,9178.jpg,
2475,9182.jpg,
2476,9183.jpg,
2477,9186.jpg,
2478,9190.jpg,
2479,9193.jpg,
2480,9201.jpg,
2481,9203.jpg,
2482,9216.jpg,
2483,9219.jpg,
2484,9221.jpg,
2485,9223.jpg,
2486,9224.jpg,
2487,9225.jpg,
2488,9227.jpg,
2489,9228.jpg,
2490,9231.jpg,
2491,9236.jpg,
2492,9238.jpg,
2493,9243.jpg,
2494,9251.jpg,
2495,9252.jpg,
2496,9258.jpg,
2497,9259.jpg,
2498,9266.jpg,
2499,9268.jpg,
2500,9270.jpg,
2501,9271.jpg,
2502,9273.jpg,
2503,9276.jpg,
2504,9277.jpg,
2505,9283.jpg,
2506,9287.jpg,
2507,9294.jpg,
2508,9301.jpg,
2509,9307.jpg,
2510,9309.jpg,
2511,9316.jpg,
2512,9323.jpg,
2513,9324.jpg,
2514,9329.jpg,
2515,9332.jpg,
2516,9333.jpg,
2517,9336.jpg,
2518,9337.jpg,
2519,9340.jpg,
2520,9342.jpg,
2521,9343.jpg,
2522,9344.jpg,
2523,9347.jpg,
2524,9349.jpg,
2525,9350.jpg,
2526,9351.jpg,
2527,9356.jpg,
2528,9358.jpg,
2529,9366.jpg,
2530,9368.jpg,
2531,9373.jpg,
2532,9374.jpg,
2533,9375.jpg,
2534,9376.jpg,
2535,9383.jpg,
2536,9386.jpg,
2537,9387.jpg,
2538,9390.jpg,
2539,9391.jpg,
2540,9399.jpg,
2541,9400.jpg,
2542,9405.jpg,
2543,9408.jpg,
2544,9410.jpg,
2545,9412.jpg,
2546,9414.jpg,
2547,9417.jpg,
2548,9423.jpg,
2549,9429.jpg,
2550,9430.jpg,
2551,9432.jpg,
2552,9433.jpg,
2553,9436.jpg,
2554,9438.jpg,
2555,9439.jpg,
2556,9443.jpg,
2557,9449.jpg,
2558,9451.jpg,
2559,9453.jpg,
2560,9457.jpg,
2561,9458.jpg,
2562,9468.jpg,
2563,9485.jpg,
2564,9490.jpg,
2565,9493.jpg,
2566,9494.jpg,
2567,9499.jpg,
2568,9500.jpg,
2569,9501.jpg,
2570,9505.jpg,
2571,9506.jpg,
2572,9507.jpg,
2573,9511.jpg,
2574,9514.jpg,
2575,9522.jpg,
2576,9523.jpg,
2577,9527.jpg,
2578,9528.jpg,
2579,9529.jpg,
2580,9534.jpg,
2581,9539.jpg,
2582,9545.jpg,
2583,9548.jpg,
2584,9550.jpg,
2585,9553.jpg,
2586,9556.jpg,
2587,9558.jpg,
2588,9565.jpg,
2589,9567.jpg,
2590,9571.jpg,
2591,9572.jpg,
2592,9577.jpg,
2593,9580.jpg,
2594,9593.jpg,
2595,9594.jpg,
2596,9595.jpg,
2597,9598.jpg,
2598,9600.jpg,
2599,9601.jpg,
2600,9608.jpg,
2601,9612.jpg,
2602,9614.jpg,
2603,9617.jpg,
2604,9620.jpg,
2605,9623.jpg,
2606,9625.jpg,
2607,9628.jpg,
2608,9633.jpg,
2609,9634.jpg,
2610,9638.jpg,
2611,9639.jpg,
2612,9643.jpg,
2613,9645.jpg,
2614,9656.jpg,
2615,9660.jpg,
2616,9661.jpg,
2617,9663.jpg,
2618,9668.jpg,
2619,9673.jpg,
2620,9674.jpg,
2621,9681.jpg,
2622,9684.jpg,
2623,9685.jpg,
2624,9689.jpg,
2625,9690.jpg,
2626,9697.jpg,
2627,9698.jpg,
2628,9700.jpg,
2629,9702.jpg,
2630,9703.jpg,
2631,9709.jpg,
2632,9711.jpg,
2633,9712.jpg,
2634,9721.jpg,
2635,9726.jpg,
2636,9728.jpg,
2637,9729.jpg,
2638,9730.jpg,
2639,9734.jpg,
2640,9745.jpg,
2641,9746.jpg,
2642,9750.jpg,
2643,9757.jpg,
2644,9758.jpg,
2645,9765.jpg,
2646,9767.jpg,
2647,9771.jpg,
2648,9774.jpg,
2649,9776.jpg,
2650,9781.jpg,
2651,9784.jpg,
2652,9785.jpg,
2653,9787.jpg,
2654,9788.jpg,
2655,9792.jpg,
2656,9796.jpg,
2657,9801.jpg,
2658,9803.jpg,
2659,9804.jpg,
2660,9809.jpg,
2661,9810.jpg,
2662,9811.jpg,
2663,9814.jpg,
2664,9815.jpg,
2665,9816.jpg,
2666,9818.jpg,
2667,9825.jpg,
2668,9827.jpg,
2669,9832.jpg,
2670,9835.jpg,
2671,9851.jpg,
2672,9855.jpg,
2673,9856.jpg,
2674,9859.jpg,
2675,9860.jpg,
2676,9863.jpg,
2677,9867.jpg,
2678,9868.jpg,
2679,9869.jpg,
2680,9870.jpg,
2681,9873.jpg,
2682,9874.jpg,
2683,9876.jpg,
2684,9877.jpg,
2685,9879.jpg,
2686,9883.jpg,
2687,9888.jpg,
2688,9889.jpg,
2689,9891.jpg,
2690,9893.jpg,
2691,9901.jpg,
2692,9902.jpg,
2693,9904.jpg,
2694,9905.jpg,
2695,9909.jpg,
2696,9910.jpg,
2697,9911.jpg,
2698,9918.jpg,
2699,9920.jpg,
2700,9922.jpg,
2701,9923.jpg,
2702,9926.jpg,
2703,9930.jpg,
2704,9933.jpg,
2705,9938.jpg,
2706,9939.jpg,
2707,9943.jpg,
2708,9944.jpg,
2709,9946.jpg,
2710,9948.jpg,
2711,9949.jpg,
2712,9959.jpg,
2713,9965.jpg,
2714,9973.jpg,
2715,9975.jpg,
2716,9976.jpg,
2717,9977.jpg,
2718,9981.jpg,
2719,9984.jpg,
2720,9986.jpg,
2721,9991.jpg,
2722,9994.jpg,
2723,9998.jpg,
2724,10005.jpg,
2725,10006.jpg,
2726,10009.jpg,
2727,10011.jpg,
2728,10014.jpg,
2729,10016.jpg,
2730,10019.jpg,
2731,10021.jpg,
2732,10024.jpg,
2733,10027.jpg,
2734,10029.jpg,
2735,10031.jpg,
2736,10035.jpg,
2737,10038.jpg,
2738,10040.jpg,
2739,10042.jpg,
2740,10045.jpg,
2741,10046.jpg,
2742,10051.jpg,
2743,10055.jpg,
2744,10056.jpg,
2745,10058.jpg,
2746,10060.jpg,
2747,10063.jpg,
2748,10066.jpg,
2749,10091.jpg,
2750,10093.jpg,
2751,10094.jpg,
2752,10095.jpg,
2753,10099.jpg,
2754,10100.jpg,
2755,10102.jpg,
2756,10103.jpg,
2757,10105.jpg,
2758,10106.jpg,
2759,10107.jpg,
2760,10113.jpg,
2761,10114.jpg,
2762,10115.jpg,
2763,10117.jpg,
2764,10121.jpg,
2765,10123.jpg,
2766,10131.jpg,
2767,10132.jpg,
2768,10137.jpg,
2769,10140.jpg,
2770,10141.jpg,
2771,10142.jpg,
2772,10155.jpg,
2773,10157.jpg,
2774,10163.jpg,
2775,10168.jpg,
2776,10170.jpg,
2777,10173.jpg,
2778,10175.jpg,
2779,10176.jpg,
2780,10179.jpg,
2781,10180.jpg,
2782,10183.jpg,
2783,10184.jpg,
2784,10185.jpg,
2785,10188.jpg,
2786,10190.jpg,
2787,10194.jpg,
2788,10195.jpg,
2789,10197.jpg,
2790,10199.jpg,
2791,10200.jpg,
2792,10212.jpg,
2793,10217.jpg,
2794,10220.jpg,
2795,10223.jpg,
2796,10224.jpg,
2797,10228.jpg,
2798,10234.jpg,
2799,10239.jpg,
2800,10240.jpg,
2801,10246.jpg,
2802,10249.jpg,
2803,10251.jpg,
2804,10255.jpg,
2805,10257.jpg,
2806,10258.jpg,
2807,10260.jpg,
2808,10267.jpg,
2809,10274.jpg,
2810,10280.jpg,
2811,10286.jpg,
2812,10296.jpg,
2813,10298.jpg,
2814,10302.jpg,
2815,10307.jpg,
2816,10310.jpg,
2817,10315.jpg,
2818,10318.jpg,
2819,10322.jpg,
2820,10326.jpg,
2821,10330.jpg,
2822,10333.jpg,
2823,10335.jpg,
2824,10338.jpg,
2825,10340.jpg,
2826,10342.jpg,
2827,10343.jpg,
2828,10345.jpg,
2829,10348.jpg,
2830,10349.jpg,
2831,10355.jpg,
2832,10357.jpg,
2833,10369.jpg,
2834,10370.jpg,
2835,10373.jpg,
2836,10374.jpg,
2837,10377.jpg,
2838,10380.jpg,
2839,10381.jpg,
2840,10382.jpg,
2841,10386.jpg,
2842,10393.jpg,
2843,10396.jpg,
2844,10399.jpg,
2845,10401.jpg,
2846,10405.jpg,
2847,10410.jpg,
2848,10411.jpg,
2849,10415.jpg,
2850,10420.jpg,
2851,10425.jpg,
2852,10426.jpg,
2853,10427.jpg,
2854,10434.jpg,
2855,10435.jpg,
2856,10439.jpg,
2857,10440.jpg,
2858,10441.jpg,
2859,10460.jpg,
2860,10464.jpg,
2861,10467.jpg,
2862,10468.jpg,
2863,10473.jpg,
2864,10474.jpg,
2865,10475.jpg,
2866,10482.jpg,
2867,10487.jpg,
2868,10488.jpg,
2869,10489.jpg,
2870,10493.jpg,
2871,10494.jpg,
2872,10497.jpg,
2873,10498.jpg,
2874,10502.jpg,
2875,10504.jpg,
2876,10506.jpg,
2877,10508.jpg,
2878,10510.jpg,
2879,10518.jpg,
2880,10531.jpg,
2881,10543.jpg,
2882,10544.jpg,
2883,10558.jpg,
2884,10559.jpg,
2885,10563.jpg,
2886,10568.jpg,
2887,10571.jpg,
2888,10574.jpg,
2889,10575.jpg,
2890,10582.jpg,
2891,10586.jpg,
2892,10589.jpg,
2893,10591.jpg,
2894,10592.jpg,
2895,10593.jpg,
2896,10599.jpg,
2897,10609.jpg,
2898,10613.jpg,
2899,10614.jpg,
2900,10615.jpg,
2901,10619.jpg,
2902,10622.jpg,
2903,10623.jpg,
2904,10630.jpg,
2905,10635.jpg,
2906,10638.jpg,
2907,10642.jpg,
2908,10644.jpg,
2909,10649.jpg,
2910,10651.jpg,
2911,10653.jpg,
2912,10655.jpg,
2913,10658.jpg,
2914,10659.jpg,
2915,10664.jpg,
2916,10666.jpg,
2917,10667.jpg,
2918,10671.jpg,
2919,10681.jpg,
2920,10682.jpg,
2921,10684.jpg,
2922,10687.jpg,
2923,10688.jpg,
2924,10689.jpg,
2925,10695.jpg,
2926,10698.jpg,
2927,10700.jpg,
2928,10701.jpg,
2929,10710.jpg,
2930,10712.jpg,
2931,10718.jpg,
2932,10724.jpg,
2933,10726.jpg,
2934,10727.jpg,
2935,10731.jpg,
2936,10738.jpg,
2937,10739.jpg,
2938,10741.jpg,
2939,10742.jpg,
2940,10743.jpg,
2941,10745.jpg,
2942,10746.jpg,
2943,10751.jpg,
2944,10762.jpg,
2945,10768.jpg,
2946,10774.jpg,
2947,10780.jpg,
2948,10783.jpg,
2949,10786.jpg,
2950,10793.jpg,
2951,10795.jpg,
2952,10798.jpg,
2953,10801.jpg,
2954,10804.jpg,
2955,10807.jpg,
2956,10817.jpg,
2957,10818.jpg,
2958,10820.jpg,
2959,10822.jpg,
2960,10824.jpg,
2961,10825.jpg,
2962,10827.jpg,
2963,10828.jpg,
2964,10830.jpg,
2965,10836.jpg,
2966,10837.jpg,
2967,10842.jpg,
2968,10848.jpg,
2969,10857.jpg,
2970,10860.jpg,
2971,10862.jpg,
2972,10864.jpg,
2973,10868.jpg,
2974,10872.jpg,
2975,10873.jpg,
2976,10874.jpg,
2977,10876.jpg,
2978,10879.jpg,
2979,10890.jpg,
2980,10891.jpg,
2981,10893.jpg,
2982,10896.jpg,
2983,10898.jpg,
2984,10902.jpg,
2985,10909.jpg,
2986,10910.jpg,
2987,10912.jpg,
2988,10913.jpg,
2989,10917.jpg,
2990,10923.jpg,
2991,10927.jpg,
2992,10931.jpg,
2993,10940.jpg,
2994,10941.jpg,
2995,10942.jpg,
2996,10945.jpg,
2997,10955.jpg,
2998,10957.jpg,
2999,10962.jpg,
3000,10965.jpg,
3001,10973.jpg,
3002,10976.jpg,
3003,10977.jpg,
3004,10978.jpg,
3005,10979.jpg,
3006,10985.jpg,
3007,10989.jpg,
3008,10993.jpg,
3009,10994.jpg,
3010,10998.jpg,
3011,11002.jpg,
3012,11009.jpg,
3013,11010.jpg,
3014,11011.jpg,
3015,11012.jpg,
3016,11014.jpg,
3017,11019.jpg,
3018,11022.jpg,
3019,11024.jpg,
3020,11030.jpg,
3021,11031.jpg,
3022,11034.jpg,
3023,11035.jpg,
3024,11047.jpg,
3025,11050.jpg,
3026,11051.jpg,
3027,11055.jpg,
3028,11058.jpg,
3029,11062.jpg,
3030,11063.jpg,
3031,11064.jpg,
3032,11065.jpg,
3033,11066.jpg,
3034,11071.jpg,
3035,11077.jpg,
3036,11079.jpg,
3037,11080.jpg,
3038,11081.jpg,
3039,11085.jpg,
3040,11097.jpg,
3041,11099.jpg,
3042,11101.jpg,
3043,11108.jpg,
3044,11111.jpg,
3045,11113.jpg,
3046,11117.jpg,
3047,11130.jpg,
3048,11132.jpg,
3049,11136.jpg,
3050,11143.jpg,
3051,11149.jpg,
3052,11153.jpg,
3053,11161.jpg,
3054,11165.jpg,
3055,11171.jpg,
3056,11184.jpg,
3057,11190.jpg,
3058,11191.jpg,
3059,11195.jpg,
3060,11197.jpg,
3061,11201.jpg,
3062,11204.jpg,
3063,11205.jpg,
3064,11207.jpg,
3065,11209.jpg,
3066,11211.jpg,
3067,11222.jpg,
3068,11228.jpg,
3069,11231.jpg,
3070,11234.jpg,
3071,11236.jpg,
3072,11238.jpg,
3073,11239.jpg,
3074,11244.jpg,
3075,11245.jpg,
3076,11246.jpg,
3077,11250.jpg,
3078,11251.jpg,
3079,11262.jpg,
3080,11263.jpg,
3081,11264.jpg,
3082,11266.jpg,
3083,11268.jpg,
3084,11269.jpg,
3085,11281.jpg,
3086,11283.jpg,
3087,11286.jpg,
3088,11288.jpg,
3089,11290.jpg,
3090,11293.jpg,
3091,11297.jpg,
3092,11300.jpg,
3093,11310.jpg,
3094,11311.jpg,
3095,11312.jpg,
3096,11317.jpg,
3097,11318.jpg,
3098,11319.jpg,
3099,11322.jpg,
3100,11325.jpg,
3101,11328.jpg,
3102,11332.jpg,
3103,11335.jpg,
3104,11336.jpg,
3105,11338.jpg,
3106,11339.jpg,
3107,11340.jpg,
3108,11341.jpg,
3109,11342.jpg,
3110,11344.jpg,
3111,11346.jpg,
3112,11347.jpg,
3113,11348.jpg,
3114,11355.jpg,
3115,11358.jpg,
3116,11362.jpg,
3117,11365.jpg,
3118,11368.jpg,
3119,11369.jpg,
3120,11370.jpg,
3121,11371.jpg,
3122,11374.jpg,
3123,11380.jpg,
3124,11381.jpg,
3125,11383.jpg,
3126,11388.jpg,
3127,11390.jpg,
3128,11392.jpg,
3129,11394.jpg,
3130,11396.jpg,
3131,11402.jpg,
3132,11403.jpg,
3133,11404.jpg,
3134,11405.jpg,
3135,11411.jpg,
3136,11414.jpg,
3137,11417.jpg,
3138,11432.jpg,
3139,11434.jpg,
3140,11452.jpg,
3141,11453.jpg,
3142,11456.jpg,
3143,11457.jpg,
3144,11458.jpg,
3145,11462.jpg,
3146,11471.jpg,
3147,11474.jpg,
3148,11475.jpg,
3149,11476.jpg,
3150,11480.jpg,
3151,11488.jpg,
3152,11490.jpg,
3153,11492.jpg,
3154,11501.jpg,
3155,11506.jpg,
3156,11517.jpg,
3157,11520.jpg,
3158,11523.jpg,
3159,11526.jpg,
3160,11530.jpg,
3161,11531.jpg,
3162,11532.jpg,
3163,11535.jpg,
3164,11537.jpg,
3165,11547.jpg,
3166,11548.jpg,
3167,11549.jpg,
3168,11552.jpg,
3169,11553.jpg,
3170,11561.jpg,
3171,11566.jpg,
3172,11568.jpg,
3173,11569.jpg,
3174,11570.jpg,
3175,11572.jpg,
3176,11578.jpg,
3177,11583.jpg,
3178,11584.jpg,
3179,11590.jpg,
3180,11601.jpg,
3181,11602.jpg,
3182,11608.jpg,
3183,11612.jpg,
3184,11616.jpg,
3185,11624.jpg,
3186,11629.jpg,
3187,11640.jpg,
3188,11641.jpg,
3189,11643.jpg,
3190,11644.jpg,
3191,11648.jpg,
3192,11649.jpg,
3193,11651.jpg,
3194,11654.jpg,
3195,11657.jpg,
3196,11658.jpg,
3197,11660.jpg,
3198,11661.jpg,
3199,11670.jpg,
3200,11675.jpg,
3201,11681.jpg,
3202,11684.jpg,
3203,11686.jpg,
3204,11689.jpg,
3205,11690.jpg,
3206,11692.jpg,
3207,11694.jpg,
3208,11696.jpg,
3209,11699.jpg,
3210,11703.jpg,
3211,11706.jpg,
3212,11707.jpg,
3213,11712.jpg,
3214,11713.jpg,
3215,11722.jpg,
3216,11725.jpg,
3217,11727.jpg,
3218,11729.jpg,
3219,11731.jpg,
3220,11733.jpg,
3221,11738.jpg,
3222,11741.jpg,
3223,11742.jpg,
3224,11743.jpg,
3225,11744.jpg,
3226,11745.jpg,
3227,11750.jpg,
3228,11751.jpg,
3229,11762.jpg,
3230,11763.jpg,
3231,11769.jpg,
3232,11771.jpg,
3233,11777.jpg,
3234,11779.jpg,
3235,11781.jpg,
3236,11788.jpg,
3237,11791.jpg,
3238,11800.jpg,
3239,11807.jpg,
3240,11808.jpg,
3241,11815.jpg,
3242,11816.jpg,
3243,11818.jpg,
3244,11820.jpg,
3245,11823.jpg,
3246,11825.jpg,
3247,11831.jpg,
3248,11833.jpg,
3249,11836.jpg,
3250,11839.jpg,
3251,11846.jpg,
3252,11851.jpg,
3253,11857.jpg,
3254,11859.jpg,
3255,11869.jpg,
3256,11870.jpg,
3257,11872.jpg,
3258,11878.jpg,
3259,11886.jpg,
3260,11887.jpg,
3261,11888.jpg,
3262,11894.jpg,
3263,11898.jpg,
3264,11899.jpg,
3265,11904.jpg,
3266,11907.jpg,
3267,11908.jpg,
3268,11914.jpg,
3269,11918.jpg,
3270,11919.jpg,
3271,11920.jpg,
3272,11922.jpg,
3273,11925.jpg,
3274,11926.jpg,
3275,11927.jpg,
3276,11932.jpg,
3277,11937.jpg,
3278,11941.jpg,
3279,11946.jpg,
3280,11948.jpg,
3281,11950.jpg,
3282,11952.jpg,
3283,11953.jpg,
3284,11956.jpg,
3285,11960.jpg,
3286,11961.jpg,
3287,11962.jpg,
3288,11969.jpg,
3289,11970.jpg,
3290,11973.jpg,
3291,11974.jpg,
3292,11984.jpg,
3293,11991.jpg,
3294,11995.jpg,
3295,11996.jpg,
3296,11997.jpg,
3297,11999.jpg,
3298,12002.jpg,
3299,12007.jpg,
3300,12009.jpg,
3301,12010.jpg,
3302,12015.jpg,
3303,12019.jpg,
3304,12021.jpg,
3305,12022.jpg,
3306,12024.jpg,
3307,12026.jpg,
3308,12033.jpg,
3309,12037.jpg,
3310,12042.jpg,
3311,12043.jpg,
3312,12044.jpg,
3313,12045.jpg,
3314,12047.jpg,
3315,12055.jpg,
3316,12060.jpg,
3317,12061.jpg,
3318,12063.jpg,
3319,12064.jpg,
3320,12067.jpg,
3321,12071.jpg,
3322,12078.jpg,
3323,12082.jpg,
3324,12084.jpg,
3325,12090.jpg,
3326,12092.jpg,
3327,12094.jpg,
3328,12095.jpg,
3329,12098.jpg,
3330,12103.jpg,
3331,12104.jpg,
3332,12107.jpg,
3333,12109.jpg,
3334,12112.jpg,
3335,12115.jpg,
3336,12118.jpg,
3337,12119.jpg,
3338,12121.jpg,
3339,12123.jpg,
3340,12127.jpg,
3341,12129.jpg,
3342,12140.jpg,
3343,12143.jpg,
3344,12147.jpg,
3345,12153.jpg,
3346,12154.jpg,
3347,12155.jpg,
3348,12157.jpg,
3349,12166.jpg,
3350,12170.jpg,
3351,12174.jpg,
3352,12181.jpg,
3353,12188.jpg,
3354,12201.jpg,
3355,12205.jpg,
3356,12206.jpg,
3357,12207.jpg,
3358,12208.jpg,
3359,12220.jpg,
3360,12224.jpg,
3361,12225.jpg,
3362,12226.jpg,
3363,12228.jpg,
3364,12230.jpg,
3365,12232.jpg,
3366,12233.jpg,
3367,12236.jpg,
3368,12245.jpg,
3369,12246.jpg,
3370,12248.jpg,
3371,12249.jpg,
3372,12256.jpg,
3373,12257.jpg,
3374,12266.jpg,
3375,12267.jpg,
3376,12269.jpg,
3377,12271.jpg,
3378,12273.jpg,
3379,12276.jpg,
3380,12278.jpg,
3381,12279.jpg,
3382,12284.jpg,
3383,12287.jpg,
3384,12290.jpg,
3385,12297.jpg,
3386,12298.jpg,
3387,12299.jpg,
3388,12300.jpg,
3389,12302.jpg,
3390,12303.jpg,
3391,12304.jpg,
3392,12307.jpg,
3393,12308.jpg,
3394,12313.jpg,
3395,12316.jpg,
3396,12317.jpg,
3397,12325.jpg,
3398,12329.jpg,
3399,12331.jpg,
3400,12336.jpg,
3401,12340.jpg,
3402,12344.jpg,
3403,12345.jpg,
3404,12349.jpg,
3405,12350.jpg,
3406,12352.jpg,
3407,12363.jpg,
3408,12367.jpg,
3409,12368.jpg,
3410,12370.jpg,
3411,12371.jpg,
3412,12375.jpg,
3413,12378.jpg,
3414,12382.jpg,
3415,12384.jpg,
3416,12386.jpg,
3417,12388.jpg,
3418,12392.jpg,
3419,12396.jpg,
3420,12399.jpg,
3421,12401.jpg,
3422,12409.jpg,
3423,12412.jpg,
3424,12415.jpg,
3425,12419.jpg,
3426,12421.jpg,
3427,12422.jpg,
3428,12424.jpg,
3429,12426.jpg,
3430,12430.jpg,
3431,12432.jpg,
3432,12433.jpg,
3433,12438.jpg,
3434,12442.jpg,
3435,12444.jpg,
3436,12449.jpg,
3437,12456.jpg,
3438,12457.jpg,
3439,12458.jpg,
3440,12459.jpg,
3441,12462.jpg,
3442,12466.jpg,
3443,12468.jpg,
3444,12471.jpg,
3445,12472.jpg,
3446,12479.jpg,
3447,12481.jpg,
3448,12482.jpg,
3449,12485.jpg,
3450,12486.jpg,
3451,12490.jpg,
3452,12496.jpg,
3453,12503.jpg,
3454,12506.jpg,
3455,12507.jpg,
3456,12508.jpg,
3457,12511.jpg,
3458,12514.jpg,
3459,12515.jpg,
3460,12519.jpg,
3461,12523.jpg,
3462,12524.jpg,
3463,12525.jpg,
3464,12529.jpg,
3465,12533.jpg,
3466,12537.jpg,
3467,12541.jpg,
3468,12550.jpg,
3469,12552.jpg,
3470,12557.jpg,
3471,12558.jpg,
3472,12559.jpg,
3473,12565.jpg,
3474,12566.jpg,
3475,12568.jpg,
3476,12580.jpg,
3477,12581.jpg,
3478,12584.jpg,
3479,12585.jpg,
3480,12586.jpg,
3481,12588.jpg,
3482,12591.jpg,
3483,12594.jpg,
3484,12597.jpg,
3485,12603.jpg,
3486,12604.jpg,
3487,12605.jpg,
3488,12610.jpg,
3489,12611.jpg,
3490,12613.jpg,
3491,12615.jpg,
3492,12616.jpg,
3493,12621.jpg,
3494,12624.jpg,
3495,12625.jpg,
3496,12626.jpg,
3497,12627.jpg,
3498,12630.jpg,
3499,12632.jpg,
3500,12633.jpg,
3501,12634.jpg,
3502,12636.jpg,
3503,12637.jpg,
3504,12640.jpg,
3505,12642.jpg,
3506,12647.jpg,
3507,12649.jpg,
3508,12656.jpg,
3509,12657.jpg,
3510,12659.jpg,
3511,12660.jpg,
3512,12661.jpg,
3513,12664.jpg,
3514,12672.jpg,
3515,12673.jpg,
3516,12680.jpg,
3517,12682.jpg,
3518,12684.jpg,
3519,12697.jpg,
3520,12700.jpg,
3521,12715.jpg,
3522,12719.jpg,
3523,12727.jpg,
3524,12728.jpg,
3525,12732.jpg,
3526,12735.jpg,
3527,12739.jpg,
3528,12749.jpg,
3529,12751.jpg,
3530,12752.jpg,
3531,12759.jpg,
3532,12763.jpg,
3533,12765.jpg,
3534,12766.jpg,
3535,12771.jpg,
3536,12777.jpg,
3537,12779.jpg,
3538,12786.jpg,
3539,12787.jpg,
3540,12788.jpg,
3541,12789.jpg,
3542,12791.jpg,
3543,12795.jpg,
3544,12798.jpg,
3545,12799.jpg,
3546,12802.jpg,
3547,12806.jpg,
3548,12807.jpg,
3549,12808.jpg,
3550,12811.jpg,
3551,12815.jpg,
3552,12817.jpg,
3553,12819.jpg,
3554,12820.jpg,
3555,12822.jpg,
3556,12823.jpg,
3557,12824.jpg,
3558,12825.jpg,
3559,12828.jpg,
3560,12830.jpg,
3561,12831.jpg,
3562,12832.jpg,
3563,12833.jpg,
3564,12841.jpg,
3565,12847.jpg,
3566,12848.jpg,
3567,12850.jpg,
3568,12851.jpg,
3569,12858.jpg,
3570,12859.jpg,
3571,12862.jpg,
3572,12863.jpg,
3573,12867.jpg,
3574,12872.jpg,
3575,12874.jpg,
3576,12881.jpg,
3577,12884.jpg,
3578,12887.jpg,
3579,12888.jpg,
3580,12889.jpg,
3581,12891.jpg,
3582,12896.jpg,
3583,12898.jpg,
3584,12899.jpg,
3585,12902.jpg,
3586,12903.jpg,
3587,12904.jpg,
3588,12905.jpg,
3589,12910.jpg,
3590,12912.jpg,
3591,12913.jpg,
3592,12914.jpg,
3593,12918.jpg,
3594,12922.jpg,
3595,12923.jpg,
3596,12926.jpg,
3597,12927.jpg,
3598,12933.jpg,
3599,12943.jpg,
3600,12944.jpg,
3601,12949.jpg,
3602,12950.jpg,
3603,12957.jpg,
3604,12958.jpg,
3605,12962.jpg,
3606,12968.jpg,
3607,12969.jpg,
3608,12971.jpg,
3609,12976.jpg,
3610,12978.jpg,
3611,12982.jpg,
3612,12984.jpg,
3613,12991.jpg,
3614,12993.jpg,
3615,12996.jpg,
3616,13002.jpg,
3617,13008.jpg,
3618,13014.jpg,
3619,13018.jpg,
3620,13019.jpg,
3621,13024.jpg,
3622,13029.jpg,
3623,13030.jpg,
3624,13032.jpg,
3625,13039.jpg,
3626,13052.jpg,
3627,13054.jpg,
3628,13056.jpg,
3629,13058.jpg,
3630,13064.jpg,
3631,13066.jpg,
3632,13067.jpg,
3633,13071.jpg,
3634,13075.jpg,
3635,13077.jpg,
3636,13079.jpg,
3637,13082.jpg,
3638,13083.jpg,
3639,13085.jpg,
3640,13089.jpg,
3641,13095.jpg,
3642,13096.jpg,
3643,13098.jpg,
3644,13101.jpg,
3645,13102.jpg,
3646,13103.jpg,
3647,13106.jpg,
3648,13108.jpg,
3649,13109.jpg,
3650,13110.jpg,
3651,13113.jpg,
3652,13116.jpg,
3653,13120.jpg,
3654,13123.jpg,
3655,13127.jpg,
3656,13132.jpg,
3657,13133.jpg,
3658,13135.jpg,
3659,13136.jpg,
3660,13145.jpg,
3661,13146.jpg,
3662,13160.jpg,
3663,13164.jpg,
3664,13169.jpg,
3665,13170.jpg,
3666,13172.jpg,
3667,13175.jpg,
3668,13180.jpg,
3669,13184.jpg,
3670,13192.jpg,
3671,13193.jpg,
3672,13194.jpg,
3673,13200.jpg,
3674,13201.jpg,
3675,13203.jpg,
3676,13205.jpg,
3677,13209.jpg,
3678,13212.jpg,
3679,13214.jpg,
3680,13216.jpg,
3681,13218.jpg,
3682,13219.jpg,
3683,13225.jpg,
3684,13237.jpg,
3685,13245.jpg,
3686,13246.jpg,
3687,13252.jpg,
3688,13260.jpg,
3689,13266.jpg,
3690,13267.jpg,
3691,13274.jpg,
3692,13275.jpg,
3693,13276.jpg,
3694,13277.jpg,
3695,13278.jpg,
3696,13287.jpg,
3697,13292.jpg,
3698,13293.jpg,
3699,13298.jpg,
3700,13300.jpg,
3701,13303.jpg,
3702,13315.jpg,
3703,13318.jpg,
3704,13320.jpg,
3705,13321.jpg,
3706,13335.jpg,
3707,13343.jpg,
3708,13347.jpg,
3709,13350.jpg,
3710,13352.jpg,
3711,13358.jpg,
3712,13360.jpg,
3713,13365.jpg,
3714,13367.jpg,
3715,13369.jpg,
3716,13373.jpg,
3717,13376.jpg,
3718,13379.jpg,
3719,13384.jpg,
3720,13388.jpg,
3721,13390.jpg,
3722,13391.jpg,
3723,13392.jpg,
3724,13394.jpg,
3725,13410.jpg,
3726,13412.jpg,
3727,13419.jpg,
3728,13420.jpg,
3729,13425.jpg,
3730,13432.jpg,
3731,13435.jpg,
3732,13443.jpg,
3733,13445.jpg,
3734,13447.jpg,
3735,13448.jpg,
3736,13450.jpg,
3737,13452.jpg,
3738,13454.jpg,
3739,13458.jpg,
3740,13460.jpg,
3741,13461.jpg,
3742,13462.jpg,
3743,13467.jpg,
3744,13468.jpg,
3745,13469.jpg,
3746,13492.jpg,
3747,13493.jpg,
3748,13494.jpg,
3749,13498.jpg,
3750,13500.jpg,
3751,13504.jpg,
3752,13508.jpg,
3753,13509.jpg,
3754,13510.jpg,
3755,13516.jpg,
3756,13526.jpg,
3757,13535.jpg,
3758,13536.jpg,
3759,13538.jpg,
3760,13542.jpg,
3761,13543.jpg,
3762,13545.jpg,
3763,13560.jpg,
3764,13561.jpg,
3765,13566.jpg,
3766,13573.jpg,
3767,13574.jpg,
3768,13577.jpg,
3769,13578.jpg,
3770,13585.jpg,
3771,13588.jpg,
3772,13591.jpg,
3773,13592.jpg,
3774,13599.jpg,
3775,13602.jpg,
3776,13614.jpg,
3777,13615.jpg,
3778,13624.jpg,
3779,13625.jpg,
3780,13626.jpg,
3781,13630.jpg,
3782,13633.jpg,
3783,13642.jpg,
3784,13648.jpg,
3785,13650.jpg,
3786,13653.jpg,
3787,13654.jpg,
3788,13656.jpg,
3789,13657.jpg,
3790,13663.jpg,
3791,13665.jpg,
3792,13667.jpg,
3793,13671.jpg,
3794,13674.jpg,
3795,13675.jpg,
3796,13676.jpg,
3797,13678.jpg,
3798,13681.jpg,
3799,13687.jpg,
3800,13688.jpg,
3801,13690.jpg,
3802,13693.jpg,
3803,13694.jpg,
3804,13696.jpg,
3805,13697.jpg,
3806,13699.jpg,
3807,13701.jpg,
3808,13705.jpg,
3809,13706.jpg,
3810,13709.jpg,
3811,13713.jpg,
3812,13715.jpg,
3813,13716.jpg,
3814,13718.jpg,
3815,13725.jpg,
3816,13730.jpg,
3817,13733.jpg,
3818,13736.jpg,
3819,13744.jpg,
3820,13747.jpg,
3821,13751.jpg,
3822,13755.jpg,
3823,13760.jpg,
3824,13765.jpg,
3825,13768.jpg,
3826,13771.jpg,
3827,13772.jpg,
3828,13773.jpg,
3829,13775.jpg,
3830,13778.jpg,
3831,13780.jpg,
3832,13782.jpg,
3833,13783.jpg,
3834,13785.jpg,
3835,13790.jpg,
3836,13791.jpg,
3837,13797.jpg,
3838,13801.jpg,
3839,13803.jpg,
3840,13805.jpg,
3841,13810.jpg,
3842,13813.jpg,
3843,13821.jpg,
3844,13823.jpg,
3845,13824.jpg,
3846,13825.jpg,
3847,13827.jpg,
3848,13830.jpg,
3849,13835.jpg,
3850,13839.jpg,
3851,13840.jpg,
3852,13846.jpg,
3853,13847.jpg,
3854,13848.jpg,
3855,13849.jpg,
3856,13850.jpg,
3857,13855.jpg,
3858,13856.jpg,
3859,13860.jpg,
3860,13861.jpg,
3861,13870.jpg,
3862,13874.jpg,
3863,13877.jpg,
3864,13884.jpg,
3865,13891.jpg,
3866,13893.jpg,
3867,13898.jpg,
3868,13901.jpg,
3869,13904.jpg,
3870,13905.jpg,
3871,13912.jpg,
3872,13915.jpg,
3873,13917.jpg,
3874,13919.jpg,
3875,13923.jpg,
3876,13925.jpg,
3877,13933.jpg,
3878,13934.jpg,
3879,13935.jpg,
3880,13942.jpg,
3881,13944.jpg,
3882,13945.jpg,
3883,13952.jpg,
3884,13953.jpg,
3885,13955.jpg,
3886,13960.jpg,
3887,13962.jpg,
3888,13968.jpg,
3889,13969.jpg,
3890,13979.jpg,
3891,13981.jpg,
3892,13982.jpg,
3893,13986.jpg,
3894,13987.jpg,
3895,13991.jpg,
3896,13992.jpg,
3897,13994.jpg,
3898,13998.jpg,
3899,14002.jpg,
3900,14003.jpg,
3901,14004.jpg,
3902,14005.jpg,
3903,14013.jpg,
3904,14014.jpg,
3905,14017.jpg,
3906,14019.jpg,
3907,14022.jpg,
3908,14026.jpg,
3909,14030.jpg,
3910,14031.jpg,
3911,14034.jpg,
3912,14038.jpg,
3913,14039.jpg,
3914,14046.jpg,
3915,14048.jpg,
3916,14053.jpg,
3917,14057.jpg,
3918,14061.jpg,
3919,14062.jpg,
3920,14066.jpg,
3921,14067.jpg,
3922,14070.jpg,
3923,14073.jpg,
3924,14074.jpg,
3925,14080.jpg,
3926,14101.jpg,
3927,14102.jpg,
3928,14104.jpg,
3929,14106.jpg,
3930,14108.jpg,
3931,14114.jpg,
3932,14117.jpg,
3933,14118.jpg,
3934,14122.jpg,
3935,14126.jpg,
3936,14135.jpg,
3937,14138.jpg,
3938,14140.jpg,
3939,14141.jpg,
3940,14148.jpg,
3941,14149.jpg,
3942,14151.jpg,
3943,14152.jpg,
3944,14157.jpg,
3945,14158.jpg,
3946,14160.jpg,
3947,14161.jpg,
3948,14162.jpg,
3949,14163.jpg,
3950,14171.jpg,
3951,14172.jpg,
3952,14179.jpg,
3953,14181.jpg,
3954,14182.jpg,
3955,14184.jpg,
3956,14186.jpg,
3957,14193.jpg,
3958,14197.jpg,
3959,14198.jpg,
3960,14199.jpg,
3961,14202.jpg,
3962,14206.jpg,
