Name,HeadCount
3.jpg,3
9.jpg,11
10.jpg,5
16.jpg,5
18.jpg,7
31.jpg,9
33.jpg,10
36.jpg,3
38.jpg,7
41.jpg,9
45.jpg,6
57.jpg,8
60.jpg,9
61.jpg,4
62.jpg,6
68.jpg,7
79.jpg,4
92.jpg,7
96.jpg,7
105.jpg,10
106.jpg,1
107.jpg,9
114.jpg,4
115.jpg,2
119.jpg,7
121.jpg,8
127.jpg,5
128.jpg,8
132.jpg,10
133.jpg,12
136.jpg,7
137.jpg,9
138.jpg,7
141.jpg,12
157.jpg,18
158.jpg,7
160.jpg,15
170.jpg,5
172.jpg,8
174.jpg,6
180.jpg,11
186.jpg,8
187.jpg,16
194.jpg,5
198.jpg,8
211.jpg,2
219.jpg,10
229.jpg,3
231.jpg,4
234.jpg,5
236.jpg,3
241.jpg,7
242.jpg,6
253.jpg,4
255.jpg,8
256.jpg,3
259.jpg,6
264.jpg,11
273.jpg,7
275.jpg,5
279.jpg,11
284.jpg,3
285.jpg,12
288.jpg,7
293.jpg,6
295.jpg,5
310.jpg,6
311.jpg,8
317.jpg,5
322.jpg,7
327.jpg,8
333.jpg,12
335.jpg,8
347.jpg,10
350.jpg,10
353.jpg,8
355.jpg,5
356.jpg,8
360.jpg,6
372.jpg,6
374.jpg,13
375.jpg,7
376.jpg,7
382.jpg,8
385.jpg,10
389.jpg,8
390.jpg,11
391.jpg,8
400.jpg,4
405.jpg,8
413.jpg,15
418.jpg,7
421.jpg,7
426.jpg,12
432.jpg,8
433.jpg,11
439.jpg,9
441.jpg,6
454.jpg,9
463.jpg,5
464.jpg,7
466.jpg,5
468.jpg,7
472.jpg,16
473.jpg,8
474.jpg,1
476.jpg,4
494.jpg,3
505.jpg,8
507.jpg,8
511.jpg,11
514.jpg,7
519.jpg,5
522.jpg,8
526.jpg,8
533.jpg,12
536.jpg,13
538.jpg,9
543.jpg,10
552.jpg,9
553.jpg,6
557.jpg,11
558.jpg,14
561.jpg,6
567.jpg,2
574.jpg,2
579.jpg,12
580.jpg,10
583.jpg,7
594.jpg,3
599.jpg,2
600.jpg,2
604.jpg,0
605.jpg,7
609.jpg,7
610.jpg,4
614.jpg,5
617.jpg,10
626.jpg,5
629.jpg,5
640.jpg,3
643.jpg,4
645.jpg,3
664.jpg,4
674.jpg,8
679.jpg,8
694.jpg,4
701.jpg,4
711.jpg,2
714.jpg,5
716.jpg,14
722.jpg,5
732.jpg,5
733.jpg,4
736.jpg,3
740.jpg,1
741.jpg,3
745.jpg,5
747.jpg,5
749.jpg,2
757.jpg,6
759.jpg,5
762.jpg,2
766.jpg,15
779.jpg,11
783.jpg,1
785.jpg,5
792.jpg,2
793.jpg,7
794.jpg,3
798.jpg,8
803.jpg,3
807.jpg,4
810.jpg,6
818.jpg,5
822.jpg,3
831.jpg,6
832.jpg,4
833.jpg,5
836.jpg,5
840.jpg,6
841.jpg,9
842.jpg,14
844.jpg,3
847.jpg,11
848.jpg,11
849.jpg,3
850.jpg,5
851.jpg,6
852.jpg,2
859.jpg,6
860.jpg,4
867.jpg,13
868.jpg,7
875.jpg,4
880.jpg,5
881.jpg,2
884.jpg,5
885.jpg,6
886.jpg,10
891.jpg,7
898.jpg,2
903.jpg,11
908.jpg,2
909.jpg,5
910.jpg,4
916.jpg,12
918.jpg,4
922.jpg,5
928.jpg,2
935.jpg,6
936.jpg,7
940.jpg,5
944.jpg,4
945.jpg,5
947.jpg,12
949.jpg,12
951.jpg,5
952.jpg,9
953.jpg,11
956.jpg,5
958.jpg,2
960.jpg,8
964.jpg,4
969.jpg,8
987.jpg,13
992.jpg,2
993.jpg,4
994.jpg,3
998.jpg,0
1002.jpg,6
1004.jpg,7
1019.jpg,3
1025.jpg,3
1026.jpg,2
1027.jpg,12
1029.jpg,2
1031.jpg,5
1034.jpg,6
1036.jpg,5
1043.jpg,9
1046.jpg,3
1048.jpg,7
1057.jpg,2
1059.jpg,3
1070.jpg,2
1073.jpg,8
1078.jpg,7
1093.jpg,4
1094.jpg,9
1096.jpg,2
1099.jpg,4
1101.jpg,1
1103.jpg,3
1108.jpg,2
1109.jpg,4
1114.jpg,10
1117.jpg,2
1118.jpg,6
1122.jpg,6
1128.jpg,11
1129.jpg,15
1133.jpg,4
1148.jpg,4
1149.jpg,3
1155.jpg,13
1163.jpg,4
1165.jpg,10
1166.jpg,4
1183.jpg,9
1184.jpg,9
1186.jpg,18
1188.jpg,3
1196.jpg,3
1199.jpg,9
1203.jpg,2
1207.jpg,10
1217.jpg,5
1223.jpg,12
1225.jpg,3
1230.jpg,7
1231.jpg,7
1234.jpg,10
1237.jpg,3
1238.jpg,5
1239.jpg,8
1245.jpg,3
1246.jpg,10
1248.jpg,11
1251.jpg,8
1252.jpg,3
1255.jpg,6
1262.jpg,5
1264.jpg,2
1276.jpg,12
1281.jpg,9
1284.jpg,3
1288.jpg,7
1291.jpg,2
1293.jpg,2
1294.jpg,4
1298.jpg,11
1301.jpg,5
1302.jpg,5
1305.jpg,3
1307.jpg,4
1309.jpg,14
1311.jpg,9
1313.jpg,6
1315.jpg,7
1324.jpg,7
1328.jpg,3
1329.jpg,4
1337.jpg,4
1340.jpg,13
1341.jpg,3
1342.jpg,7
1359.jpg,3
1364.jpg,2
1380.jpg,4
1384.jpg,2
1391.jpg,4
1401.jpg,9
1404.jpg,8
1406.jpg,6
1407.jpg,3
1409.jpg,7
1416.jpg,4
1423.jpg,4
1424.jpg,2
1428.jpg,0
1432.jpg,6
1435.jpg,4
1437.jpg,6
1440.jpg,5
1441.jpg,8
1444.jpg,4
1446.jpg,4
1447.jpg,6
1450.jpg,3
1460.jpg,0
1466.jpg,3
1467.jpg,3
1475.jpg,2
1476.jpg,11
1477.jpg,8
1478.jpg,8
1479.jpg,4
1481.jpg,6
1483.jpg,7
1489.jpg,3
1490.jpg,4
1498.jpg,10
1501.jpg,7
1503.jpg,2
1509.jpg,10
1513.jpg,5
1517.jpg,5
1519.jpg,4
1520.jpg,5
1522.jpg,6
1526.jpg,8
1528.jpg,12
1533.jpg,4
1534.jpg,3
1535.jpg,7
1538.jpg,6
1541.jpg,5
1542.jpg,13
1543.jpg,9
1544.jpg,4
1550.jpg,5
1553.jpg,12
1555.jpg,5
1560.jpg,6
1563.jpg,7
1566.jpg,6
1572.jpg,11
1576.jpg,4
1580.jpg,4
1595.jpg,6
1597.jpg,4
1612.jpg,8
1613.jpg,4
1615.jpg,11
1619.jpg,9
1620.jpg,5
1621.jpg,6
1625.jpg,2
1631.jpg,7
1634.jpg,14
1639.jpg,7
1643.jpg,4
1645.jpg,2
1647.jpg,5
1649.jpg,10
1652.jpg,7
1656.jpg,0
1667.jpg,9
1668.jpg,4
1672.jpg,4
1674.jpg,4
1681.jpg,5
1685.jpg,5
1698.jpg,7
1700.jpg,7
1705.jpg,6
1711.jpg,2
1712.jpg,0
1717.jpg,1
1718.jpg,8
1720.jpg,5
1728.jpg,5
1731.jpg,9
1732.jpg,15
1737.jpg,2
1739.jpg,11
1740.jpg,16
1746.jpg,2
1748.jpg,4
1752.jpg,3
1755.jpg,2
1758.jpg,3
1762.jpg,2
1769.jpg,2
1772.jpg,6
1773.jpg,4
1777.jpg,5
1784.jpg,6
1789.jpg,10
1793.jpg,6
1798.jpg,12
1804.jpg,5
1812.jpg,6
1817.jpg,0
1820.jpg,4
1824.jpg,1
1831.jpg,2
1846.jpg,4
1847.jpg,5
1849.jpg,4
1852.jpg,3
1856.jpg,6
1857.jpg,5
1859.jpg,0
1867.jpg,5
1877.jpg,4
1883.jpg,0
1896.jpg,4
1899.jpg,7
1905.jpg,2
1909.jpg,8
1910.jpg,5
1911.jpg,3
1917.jpg,8
1924.jpg,2
1928.jpg,4
1931.jpg,4
1932.jpg,9
1936.jpg,8
1938.jpg,6
1940.jpg,3
1943.jpg,5
1946.jpg,3
1948.jpg,9
1951.jpg,5
1953.jpg,7
1960.jpg,3
1966.jpg,4
1973.jpg,14
1981.jpg,5
1986.jpg,4
1990.jpg,4
1997.jpg,6
2001.jpg,2
2002.jpg,7
2004.jpg,4
2009.jpg,3
2012.jpg,3
2024.jpg,8
2025.jpg,5
2026.jpg,8
2028.jpg,2
2030.jpg,11
2031.jpg,8
2033.jpg,9
2047.jpg,0
2062.jpg,15
2065.jpg,4
2069.jpg,7
2075.jpg,5
2076.jpg,7
2079.jpg,3
2085.jpg,7
2091.jpg,14
2094.jpg,3
2098.jpg,6
2101.jpg,2
2112.jpg,3
2116.jpg,4
2120.jpg,5
2121.jpg,13
2129.jpg,9
2135.jpg,6
2142.jpg,7
2146.jpg,1
2148.jpg,4
2156.jpg,2
2161.jpg,5
2166.jpg,4
2177.jpg,4
2178.jpg,8
2181.jpg,2
2184.jpg,4
2185.jpg,6
2193.jpg,3
2196.jpg,4
2198.jpg,10
2204.jpg,4
2213.jpg,11
2214.jpg,4
2216.jpg,0
2226.jpg,20
2227.jpg,6
2231.jpg,2
2233.jpg,8
2237.jpg,4
2241.jpg,12
2242.jpg,6
2243.jpg,3
2251.jpg,3
2256.jpg,5
2258.jpg,4
2259.jpg,2
2264.jpg,11
2265.jpg,8
2269.jpg,1
2275.jpg,2
2278.jpg,2
2280.jpg,3
2281.jpg,3
2285.jpg,3
2288.jpg,5
2292.jpg,7
2294.jpg,3
2299.jpg,5
2301.jpg,5
2304.jpg,3
2305.jpg,3
2307.jpg,3
2309.jpg,1
2311.jpg,6
2319.jpg,1
2325.jpg,3
2331.jpg,12
2332.jpg,20
2333.jpg,4
2342.jpg,4
2344.jpg,2
2345.jpg,7
2347.jpg,3
2352.jpg,9
2353.jpg,3
2363.jpg,6
2368.jpg,7
2370.jpg,4
2372.jpg,5
2373.jpg,6
2374.jpg,7
2376.jpg,8
2378.jpg,2
2386.jpg,4
2387.jpg,3
2388.jpg,0
2398.jpg,11
2405.jpg,5
2406.jpg,2
2410.jpg,4
2417.jpg,6
2418.jpg,4
2419.jpg,5
2424.jpg,10
2448.jpg,10
2453.jpg,8
2458.jpg,5
2460.jpg,6
2466.jpg,4
2471.jpg,13
2472.jpg,2
2473.jpg,5
2476.jpg,5
2478.jpg,2
2480.jpg,1
2482.jpg,3
2490.jpg,5
2492.jpg,3
2493.jpg,5
2495.jpg,7
2496.jpg,9
2508.jpg,7
2511.jpg,3
2512.jpg,3
2513.jpg,8
2514.jpg,4
2520.jpg,3
2522.jpg,3
2524.jpg,11
2525.jpg,3
2527.jpg,3
2528.jpg,4
2532.jpg,1
2536.jpg,4
2555.jpg,8
2556.jpg,2
2559.jpg,1
2568.jpg,9
2572.jpg,2
2573.jpg,10
2577.jpg,4
2588.jpg,10
2605.jpg,2
2607.jpg,5
2608.jpg,5
2611.jpg,2
2612.jpg,6
2615.jpg,7
2621.jpg,9
2624.jpg,14
2627.jpg,8
2634.jpg,5
2645.jpg,10
2652.jpg,6
2657.jpg,7
2658.jpg,4
2662.jpg,3
2666.jpg,6
2668.jpg,4
2669.jpg,8
2673.jpg,5
2677.jpg,3
2680.jpg,0
2685.jpg,0
2687.jpg,3
2689.jpg,6
2691.jpg,5
2696.jpg,6
2697.jpg,2
2705.jpg,5
2718.jpg,8
2726.jpg,3
2736.jpg,2
2738.jpg,2
2744.jpg,7
2747.jpg,4
2750.jpg,0
2751.jpg,6
2752.jpg,5
2753.jpg,7
2754.jpg,2
2755.jpg,6
2757.jpg,4
2763.jpg,9
2765.jpg,3
2766.jpg,4
2769.jpg,3
2770.jpg,3
2774.jpg,7
2776.jpg,12
2778.jpg,9
2781.jpg,18
2785.jpg,2
2787.jpg,1
2795.jpg,3
2798.jpg,4
2801.jpg,5
2802.jpg,14
2804.jpg,8
2811.jpg,9
2812.jpg,3
2815.jpg,4
2818.jpg,0
2823.jpg,5
2839.jpg,0
2840.jpg,4
2841.jpg,6
2845.jpg,10
2849.jpg,2
2850.jpg,2
2853.jpg,4
2858.jpg,3
2861.jpg,10
2863.jpg,6
2873.jpg,4
2891.jpg,2
2892.jpg,7
2897.jpg,7
2902.jpg,8
2906.jpg,20
2917.jpg,11
2923.jpg,4
2925.jpg,6
2932.jpg,3
2933.jpg,9
2946.jpg,5
2947.jpg,6
2952.jpg,5
2955.jpg,9
2958.jpg,3
2959.jpg,7
2960.jpg,3
2970.jpg,2
2971.jpg,3
2972.jpg,6
2974.jpg,7
2977.jpg,12
2986.jpg,2
2988.jpg,3
2991.jpg,4
2992.jpg,15
2993.jpg,4
2998.jpg,5
3000.jpg,2
3003.jpg,10
3005.jpg,5
3014.jpg,3
3018.jpg,4
3020.jpg,3
3024.jpg,4
3025.jpg,0
3028.jpg,4
3036.jpg,6
3042.jpg,8
3043.jpg,4
3044.jpg,4
3045.jpg,4
3046.jpg,11
3048.jpg,2
3050.jpg,3
3055.jpg,6
3057.jpg,5
3059.jpg,8
3069.jpg,3
3071.jpg,5
3072.jpg,17
3075.jpg,16
3086.jpg,5
3088.jpg,10
3089.jpg,1
3093.jpg,4
3094.jpg,5
3097.jpg,5
3099.jpg,4
3116.jpg,3
3117.jpg,5
3120.jpg,2
3124.jpg,8
3133.jpg,5
3135.jpg,2
3136.jpg,7
3141.jpg,3
3149.jpg,7
3151.jpg,3
3153.jpg,7
3155.jpg,7
3157.jpg,11
3161.jpg,6
3162.jpg,6
3177.jpg,3
3185.jpg,6
3186.jpg,4
3195.jpg,7
3206.jpg,4
3215.jpg,1
3221.jpg,8
3225.jpg,7
3226.jpg,5
3229.jpg,4
3252.jpg,9
3253.jpg,5
3256.jpg,2
3257.jpg,15
3264.jpg,2
3272.jpg,3
3278.jpg,8
3280.jpg,3
3281.jpg,6
3282.jpg,4
3286.jpg,10
3292.jpg,13
3293.jpg,1
3299.jpg,6
3302.jpg,3
3303.jpg,4
3305.jpg,10
3311.jpg,5
3313.jpg,4
3316.jpg,6
3318.jpg,6
3320.jpg,2
3321.jpg,2
3322.jpg,3
3323.jpg,6
3328.jpg,6
3330.jpg,6
3332.jpg,0
3333.jpg,0
3334.jpg,4
3336.jpg,5
3340.jpg,1
3341.jpg,13
3352.jpg,4
3355.jpg,2
3359.jpg,3
3361.jpg,5
3362.jpg,3
3366.jpg,11
3367.jpg,7
3368.jpg,5
3375.jpg,2
3377.jpg,11
3378.jpg,4
3381.jpg,2
3391.jpg,9
3393.jpg,1
3401.jpg,3
3402.jpg,2
3404.jpg,9
3415.jpg,8
3426.jpg,5
3427.jpg,5
3430.jpg,3
3432.jpg,20
3433.jpg,6
3436.jpg,5
3437.jpg,6
3438.jpg,5
3443.jpg,2
3457.jpg,0
3458.jpg,7
3459.jpg,4
3465.jpg,6
3474.jpg,3
3489.jpg,4
3490.jpg,9
3493.jpg,13
3494.jpg,2
3495.jpg,8
3496.jpg,3
3500.jpg,9
3501.jpg,3
3502.jpg,5
3503.jpg,5
3504.jpg,2
3505.jpg,3
3508.jpg,5
3513.jpg,14
3522.jpg,0
3527.jpg,3
3530.jpg,4
3533.jpg,3
3537.jpg,10
3542.jpg,7
3543.jpg,6
3544.jpg,5
3545.jpg,2
3551.jpg,5
3567.jpg,8
3569.jpg,6
3575.jpg,6
3577.jpg,7
3584.jpg,2
3586.jpg,7
3590.jpg,4
3592.jpg,7
3594.jpg,2
3595.jpg,3
3596.jpg,6
3597.jpg,1
3602.jpg,3
3607.jpg,1
3613.jpg,12
3617.jpg,7
3623.jpg,2
3624.jpg,4
3626.jpg,3
3628.jpg,6
3631.jpg,4
3636.jpg,2
3638.jpg,8
3648.jpg,5
3653.jpg,4
3656.jpg,7
3657.jpg,2
3658.jpg,5
3663.jpg,3
3665.jpg,5
3670.jpg,3
3673.jpg,3
3676.jpg,7
3678.jpg,11
3680.jpg,11
3682.jpg,3
3692.jpg,5
3698.jpg,4
3699.jpg,4
3704.jpg,2
3706.jpg,4
3707.jpg,2
3713.jpg,4
3716.jpg,4
3717.jpg,5
3721.jpg,3
3722.jpg,6
3723.jpg,7
3730.jpg,5
3741.jpg,6
3751.jpg,6
3752.jpg,6
3755.jpg,2
3756.jpg,7
3763.jpg,6
3765.jpg,3
3768.jpg,9
3769.jpg,4
3772.jpg,5
3775.jpg,12
3786.jpg,3
3794.jpg,9
3804.jpg,3
3811.jpg,12
3817.jpg,3
3828.jpg,4
3829.jpg,2
3830.jpg,8
3831.jpg,2
3836.jpg,6
3844.jpg,1
3851.jpg,4
3852.jpg,9
3856.jpg,3
3857.jpg,5
3866.jpg,1
3868.jpg,4
3881.jpg,12
3885.jpg,7
3891.jpg,5
3897.jpg,5
3901.jpg,4
3902.jpg,9
3904.jpg,6
3908.jpg,6
3909.jpg,8
3912.jpg,2
3914.jpg,0
3918.jpg,11
3925.jpg,8
3927.jpg,8
3929.jpg,2
3930.jpg,4
3935.jpg,8
3942.jpg,8
3943.jpg,11
3947.jpg,3
3950.jpg,2
3951.jpg,3
3954.jpg,3
3956.jpg,7
3958.jpg,2
3963.jpg,4
3966.jpg,1
3968.jpg,0
3970.jpg,6
3978.jpg,3
3982.jpg,4
3992.jpg,4
3995.jpg,5
3999.jpg,5
4012.jpg,7
4015.jpg,6
4016.jpg,4
4018.jpg,5
4019.jpg,12
4023.jpg,0
4026.jpg,4
4034.jpg,10
4036.jpg,5
4045.jpg,9
4046.jpg,8
4048.jpg,7
4049.jpg,3
4052.jpg,3
4053.jpg,6
4057.jpg,3
4062.jpg,3
4063.jpg,6
4076.jpg,2
4077.jpg,8
4082.jpg,11
4084.jpg,6
4093.jpg,1
4104.jpg,7
4106.jpg,3
4113.jpg,2
4116.jpg,3
4118.jpg,4
4122.jpg,4
4125.jpg,5
4128.jpg,10
4129.jpg,4
4140.jpg,2
4146.jpg,1
4149.jpg,2
4151.jpg,6
4154.jpg,6
4161.jpg,3
4162.jpg,9
4165.jpg,1
4169.jpg,5
4171.jpg,2
4174.jpg,4
4177.jpg,3
4178.jpg,10
4179.jpg,3
4181.jpg,6
4182.jpg,3
4183.jpg,4
4185.jpg,3
4189.jpg,9
4190.jpg,4
4199.jpg,10
4200.jpg,3
4202.jpg,4
4204.jpg,5
4205.jpg,11
4208.jpg,4
4214.jpg,2
4215.jpg,4
4216.jpg,5
4218.jpg,7
4225.jpg,8
4228.jpg,5
4229.jpg,14
4230.jpg,4
4232.jpg,0
4234.jpg,8
4235.jpg,8
4236.jpg,10
4242.jpg,2
4253.jpg,2
4257.jpg,5
4259.jpg,5
4260.jpg,6
4261.jpg,6
4266.jpg,5
4267.jpg,2
4269.jpg,11
4272.jpg,5
4273.jpg,7
4274.jpg,3
4279.jpg,8
4290.jpg,3
4293.jpg,3
4304.jpg,3
4305.jpg,4
4312.jpg,6
4317.jpg,2
4319.jpg,6
4331.jpg,4
4334.jpg,6
4337.jpg,4
4339.jpg,13
4348.jpg,5
4352.jpg,5
4354.jpg,2
4355.jpg,4
4366.jpg,6
4369.jpg,5
4370.jpg,7
4371.jpg,2
4384.jpg,7
4385.jpg,8
4386.jpg,2
4387.jpg,3
4389.jpg,4
4390.jpg,6
4397.jpg,2
4398.jpg,4
4400.jpg,1
4405.jpg,4
4407.jpg,2
4413.jpg,4
4417.jpg,6
4427.jpg,3
4438.jpg,15
4447.jpg,3
4451.jpg,3
4455.jpg,8
4463.jpg,6
4464.jpg,3
4465.jpg,2
4468.jpg,9
4472.jpg,1
4474.jpg,4
4475.jpg,1
4476.jpg,9
4477.jpg,3
4488.jpg,6
4489.jpg,2
4495.jpg,8
4497.jpg,7
4500.jpg,7
4503.jpg,6
4504.jpg,2
4506.jpg,6
4512.jpg,6
4518.jpg,0
4519.jpg,2
4520.jpg,2
4523.jpg,7
4526.jpg,2
4530.jpg,3
4531.jpg,3
4533.jpg,12
4534.jpg,11
4535.jpg,5
4539.jpg,22
4545.jpg,7
4547.jpg,2
4549.jpg,5
4550.jpg,10
4554.jpg,10
4557.jpg,9
4560.jpg,2
4565.jpg,8
4567.jpg,3
4571.jpg,4
4572.jpg,5
4575.jpg,6
4582.jpg,3
4583.jpg,12
4592.jpg,4
4594.jpg,3
4597.jpg,7
4604.jpg,4
4605.jpg,4
4615.jpg,9
4621.jpg,7
4628.jpg,6
4638.jpg,3
4639.jpg,0
4641.jpg,5
4648.jpg,11
4649.jpg,7
4650.jpg,4
4654.jpg,5
4655.jpg,3
4669.jpg,10
4670.jpg,3
4671.jpg,3
4672.jpg,9
4673.jpg,4
4678.jpg,3
4680.jpg,7
4685.jpg,7
4694.jpg,11
4695.jpg,7
4696.jpg,5
4700.jpg,6
4704.jpg,6
4706.jpg,6
4716.jpg,6
4717.jpg,6
4726.jpg,5
4731.jpg,6
4732.jpg,6
4738.jpg,5
4742.jpg,3
4744.jpg,6
4747.jpg,6
4750.jpg,6
4751.jpg,3
4754.jpg,8
4761.jpg,6
4765.jpg,8
4766.jpg,4
4774.jpg,6
4778.jpg,10
4786.jpg,3
4789.jpg,6
4794.jpg,3
4797.jpg,11
4799.jpg,7
4802.jpg,1
4805.jpg,4
4807.jpg,4
4809.jpg,6
4815.jpg,1
4819.jpg,9
4827.jpg,2
4833.jpg,2
4837.jpg,2
4839.jpg,4
4842.jpg,2
4843.jpg,4
4848.jpg,4
4853.jpg,3
4862.jpg,1
4865.jpg,5
4867.jpg,1
4873.jpg,4
4884.jpg,4
4890.jpg,6
4892.jpg,5
4899.jpg,6
4902.jpg,12
4908.jpg,0
4911.jpg,9
4914.jpg,2
4915.jpg,5
4916.jpg,0
4924.jpg,6
4930.jpg,11
4931.jpg,1
4933.jpg,3
4935.jpg,3
4939.jpg,6
4945.jpg,4
4951.jpg,11
4952.jpg,5
4954.jpg,2
4961.jpg,4
4965.jpg,11
4969.jpg,10
4972.jpg,4
4984.jpg,3
4988.jpg,5
4990.jpg,3
4991.jpg,4
4997.jpg,3
5001.jpg,5
5002.jpg,4
5003.jpg,7
5006.jpg,5
5008.jpg,4
5011.jpg,14
5014.jpg,11
5018.jpg,4
5021.jpg,7
5034.jpg,2
5036.jpg,7
5039.jpg,7
5049.jpg,8
5050.jpg,0
5051.jpg,4
5052.jpg,4
5053.jpg,3
5057.jpg,3
5058.jpg,8
5061.jpg,7
5062.jpg,1
5066.jpg,3
5068.jpg,4
5077.jpg,3
5080.jpg,4
5086.jpg,8
5092.jpg,6
5093.jpg,14
5100.jpg,7
5106.jpg,2
5111.jpg,10
5113.jpg,15
5114.jpg,3
5118.jpg,5
5119.jpg,0
5120.jpg,5
5125.jpg,4
5136.jpg,3
5138.jpg,6
5144.jpg,0
5148.jpg,6
5150.jpg,9
5152.jpg,8
5158.jpg,3
5163.jpg,3
5169.jpg,4
5171.jpg,4
5172.jpg,13
5180.jpg,8
5182.jpg,4
5185.jpg,1
5188.jpg,3
5195.jpg,4
5197.jpg,4
5206.jpg,4
5209.jpg,7
5210.jpg,2
5216.jpg,1
5217.jpg,4
5219.jpg,3
5234.jpg,9
5238.jpg,5
5239.jpg,3
5242.jpg,5
5245.jpg,5
5252.jpg,2
5265.jpg,11
5268.jpg,5
5272.jpg,9
5274.jpg,2
5277.jpg,14
5279.jpg,4
5282.jpg,6
5285.jpg,2
5286.jpg,4
5288.jpg,3
5291.jpg,4
5294.jpg,3
5295.jpg,6
5299.jpg,7
5301.jpg,11
5307.jpg,5
5310.jpg,5
5320.jpg,3
5321.jpg,21
5332.jpg,3
5333.jpg,4
5335.jpg,7
5346.jpg,0
5347.jpg,12
5348.jpg,3
5351.jpg,12
5355.jpg,10
5357.jpg,3
5358.jpg,2
5368.jpg,8
5375.jpg,10
5376.jpg,6
5377.jpg,4
5380.jpg,4
5381.jpg,1
5385.jpg,2
5386.jpg,14
5387.jpg,2
5392.jpg,3
5397.jpg,5
5401.jpg,6
5403.jpg,14
5405.jpg,0
5408.jpg,7
5411.jpg,3
5414.jpg,2
5415.jpg,6
5424.jpg,4
5425.jpg,3
5428.jpg,9
5430.jpg,6
5431.jpg,9
5437.jpg,3
5444.jpg,5
5450.jpg,1
5454.jpg,6
5456.jpg,11
5459.jpg,5
5463.jpg,6
5465.jpg,6
5467.jpg,4
5473.jpg,4
5478.jpg,8
5479.jpg,4
5481.jpg,4
5482.jpg,7
5484.jpg,11
5486.jpg,4
5496.jpg,3
5500.jpg,3
5503.jpg,3
5509.jpg,9
5516.jpg,8
5520.jpg,5
5523.jpg,4
5525.jpg,7
5533.jpg,4
5534.jpg,5
5536.jpg,2
5539.jpg,2
5552.jpg,5
5560.jpg,5
5563.jpg,3
5564.jpg,2
5567.jpg,7
5569.jpg,4
5572.jpg,3
5574.jpg,0
5577.jpg,1
5585.jpg,10
5587.jpg,3
5591.jpg,10
5595.jpg,7
5596.jpg,5
5598.jpg,9
5605.jpg,4
5607.jpg,2
5610.jpg,6
5611.jpg,11
5614.jpg,5
5621.jpg,5
5627.jpg,5
5628.jpg,3
5632.jpg,2
5633.jpg,1
5639.jpg,3
5640.jpg,5
5646.jpg,6
5650.jpg,3
5651.jpg,11
5653.jpg,8
5661.jpg,2
5677.jpg,5
5679.jpg,3
5684.jpg,2
5688.jpg,4
5692.jpg,5
5694.jpg,2
5696.jpg,4
5698.jpg,4
5700.jpg,0
5707.jpg,4
5708.jpg,7
5711.jpg,3
5716.jpg,18
5720.jpg,3
5729.jpg,1
5733.jpg,2
5741.jpg,4
5744.jpg,5
5750.jpg,8
5764.jpg,5
5766.jpg,9
5768.jpg,6
5773.jpg,7
5783.jpg,8
5785.jpg,13
5788.jpg,6
5789.jpg,7
5793.jpg,3
5796.jpg,6
5801.jpg,3
5802.jpg,1
5804.jpg,4
5807.jpg,2
5808.jpg,9
5811.jpg,6
5820.jpg,3
5826.jpg,4
5832.jpg,2
5841.jpg,4
5849.jpg,8
5850.jpg,2
5851.jpg,0
5854.jpg,5
5856.jpg,3
5859.jpg,9
5862.jpg,7
5867.jpg,7
5870.jpg,3
5895.jpg,7
5900.jpg,5
5905.jpg,4
5907.jpg,8
5908.jpg,1
5910.jpg,7
5917.jpg,7
5919.jpg,9
5920.jpg,9
5923.jpg,3
5924.jpg,8
5927.jpg,4
5933.jpg,8
5935.jpg,3
5944.jpg,10
5945.jpg,0
5946.jpg,11
5950.jpg,1
5951.jpg,2
5952.jpg,5
5960.jpg,7
5962.jpg,8
5963.jpg,3
5968.jpg,3
5969.jpg,5
5970.jpg,0
5974.jpg,8
5975.jpg,1
5976.jpg,18
5984.jpg,1
5987.jpg,3
5988.jpg,2
5989.jpg,2
5990.jpg,4
5996.jpg,4
6005.jpg,5
6009.jpg,2
6015.jpg,4
6022.jpg,3
6023.jpg,2
6024.jpg,7
6025.jpg,9
6029.jpg,5
6030.jpg,4
6033.jpg,5
6036.jpg,11
6037.jpg,2
6044.jpg,3
6047.jpg,7
6048.jpg,7
6050.jpg,7
6052.jpg,1
6053.jpg,2
6056.jpg,4
6057.jpg,9
6058.jpg,2
6064.jpg,8
6065.jpg,9
6068.jpg,3
6071.jpg,3
6077.jpg,4
6079.jpg,0
6085.jpg,3
6091.jpg,4
6094.jpg,2
6096.jpg,4
6099.jpg,3
6101.jpg,4
6105.jpg,2
6108.jpg,7
6109.jpg,6
6111.jpg,10
6112.jpg,5
6127.jpg,4
6128.jpg,3
6129.jpg,2
6132.jpg,5
6135.jpg,1
6137.jpg,2
6139.jpg,2
6140.jpg,6
6146.jpg,15
6151.jpg,8
6152.jpg,5
6156.jpg,3
6157.jpg,6
6163.jpg,5
6164.jpg,0
6165.jpg,1
6166.jpg,2
6167.jpg,5
6172.jpg,13
6178.jpg,4
6181.jpg,8
6182.jpg,1
6188.jpg,4
6190.jpg,4
6191.jpg,8
6195.jpg,9
6196.jpg,3
6197.jpg,10
6201.jpg,5
6202.jpg,8
6210.jpg,7
6212.jpg,7
6214.jpg,2
6215.jpg,3
6220.jpg,8
6224.jpg,3
6225.jpg,2
6227.jpg,10
6233.jpg,15
6235.jpg,3
6238.jpg,6
6241.jpg,3
6243.jpg,4
6251.jpg,8
6253.jpg,1
6256.jpg,3
6261.jpg,1
6263.jpg,4
6265.jpg,4
6266.jpg,3
6272.jpg,11
6274.jpg,3
6275.jpg,7
6278.jpg,1
6281.jpg,4
6283.jpg,2
6291.jpg,14
6292.jpg,3
6293.jpg,3
6295.jpg,2
6296.jpg,3
6297.jpg,14
6298.jpg,0
6305.jpg,4
6309.jpg,7
6310.jpg,1
6314.jpg,6
6316.jpg,2
6318.jpg,4
6324.jpg,5
6328.jpg,11
6330.jpg,2
6331.jpg,2
6332.jpg,0
6339.jpg,4
6340.jpg,3
6344.jpg,5
6346.jpg,4
6347.jpg,4
6352.jpg,3
6356.jpg,4
6358.jpg,8
6363.jpg,17
6366.jpg,5
6367.jpg,2
6372.jpg,15
6375.jpg,8
6378.jpg,5
6379.jpg,1
6381.jpg,3
6386.jpg,4
6389.jpg,13
6390.jpg,10
6391.jpg,6
6392.jpg,11
6393.jpg,3
6402.jpg,2
6404.jpg,2
6409.jpg,7
6410.jpg,16
6412.jpg,9
6414.jpg,6
6416.jpg,8
6422.jpg,6
6428.jpg,8
6432.jpg,3
6434.jpg,6
6438.jpg,2
6440.jpg,7
6444.jpg,2
6450.jpg,5
6454.jpg,4
6459.jpg,4
6460.jpg,5
6466.jpg,11
6468.jpg,1
6479.jpg,9
6483.jpg,2
6488.jpg,7
6494.jpg,3
6495.jpg,10
6498.jpg,3
6500.jpg,1
6501.jpg,4
6508.jpg,2
6513.jpg,6
6515.jpg,3
6522.jpg,4
6523.jpg,7
6526.jpg,8
6527.jpg,11
6529.jpg,2
6534.jpg,10
6535.jpg,3
6537.jpg,4
6543.jpg,6
6544.jpg,3
6545.jpg,2
6549.jpg,4
6551.jpg,3
6554.jpg,2
6560.jpg,8
6563.jpg,1
6567.jpg,11
6578.jpg,3
6582.jpg,10
6589.jpg,4
6590.jpg,5
6591.jpg,9
6603.jpg,4
6607.jpg,0
6608.jpg,3
6612.jpg,3
6616.jpg,8
6619.jpg,3
6620.jpg,0
6621.jpg,5
6625.jpg,5
6628.jpg,3
6632.jpg,1
6634.jpg,4
6639.jpg,5
6645.jpg,6
6646.jpg,3
6650.jpg,2
6654.jpg,2
6656.jpg,4
6660.jpg,2
6661.jpg,0
6662.jpg,8
6663.jpg,5
6665.jpg,2
6676.jpg,2
6678.jpg,1
6689.jpg,7
6692.jpg,5
6696.jpg,3
6697.jpg,1
6703.jpg,3
6711.jpg,12
6714.jpg,4
6721.jpg,4
6723.jpg,4
6728.jpg,3
6730.jpg,10
6731.jpg,6
6736.jpg,4
6742.jpg,8
6744.jpg,6
6748.jpg,3
6749.jpg,4
6750.jpg,7
6751.jpg,8
6752.jpg,9
6757.jpg,1
6760.jpg,5
6761.jpg,2
6763.jpg,4
6764.jpg,8
6765.jpg,7
6766.jpg,3
6768.jpg,3
6777.jpg,5
6781.jpg,4
6782.jpg,3
6787.jpg,8
6788.jpg,3
6789.jpg,3
6793.jpg,5
6795.jpg,5
6800.jpg,1
6805.jpg,7
6811.jpg,6
6813.jpg,2
6816.jpg,3
6818.jpg,4
6819.jpg,4
6820.jpg,5
6822.jpg,2
6825.jpg,4
6828.jpg,2
6830.jpg,4
6831.jpg,7
6833.jpg,3
6834.jpg,3
6837.jpg,3
6843.jpg,7
6844.jpg,3
6845.jpg,6
6851.jpg,4
6858.jpg,4
6860.jpg,1
6864.jpg,2
6869.jpg,5
6873.jpg,7
6875.jpg,3
6882.jpg,6
6884.jpg,9
6885.jpg,3
6888.jpg,0
6889.jpg,6
6890.jpg,8
6891.jpg,3
6892.jpg,0
6896.jpg,5
6899.jpg,1
6901.jpg,5
6902.jpg,0
6903.jpg,6
6911.jpg,3
6912.jpg,2
6913.jpg,5
6915.jpg,3
6919.jpg,5
6920.jpg,3
6921.jpg,5
6922.jpg,4
6925.jpg,9
6926.jpg,4
6928.jpg,12
6933.jpg,10
6935.jpg,4
6938.jpg,3
6939.jpg,1
6949.jpg,10
6951.jpg,5
6953.jpg,6
6956.jpg,2
6958.jpg,9
6959.jpg,0
6964.jpg,7
6966.jpg,2
6970.jpg,12
6972.jpg,4
6983.jpg,5
6985.jpg,4
6990.jpg,11
6994.jpg,8
6995.jpg,2
6996.jpg,4
7011.jpg,13
7016.jpg,6
7018.jpg,7
7019.jpg,3
7021.jpg,4
7023.jpg,5
7024.jpg,2
7025.jpg,3
7026.jpg,3
7027.jpg,8
7028.jpg,5
7033.jpg,5
7039.jpg,7
7041.jpg,9
7049.jpg,4
7050.jpg,7
7053.jpg,5
7056.jpg,8
7058.jpg,2
7067.jpg,3
7068.jpg,11
7072.jpg,3
7080.jpg,3
7081.jpg,10
7082.jpg,4
7089.jpg,8
7094.jpg,7
7096.jpg,4
7102.jpg,6
7103.jpg,2
7106.jpg,2
7107.jpg,0
7109.jpg,7
7115.jpg,6
7116.jpg,2
7117.jpg,3
7118.jpg,6
7122.jpg,6
7124.jpg,4
7126.jpg,3
7128.jpg,9
7131.jpg,4
7134.jpg,7
7138.jpg,4
7140.jpg,5
7141.jpg,7
7150.jpg,5
7152.jpg,6
7153.jpg,10
7158.jpg,4
7164.jpg,3
7167.jpg,3
7168.jpg,9
7181.jpg,9
7185.jpg,7
7188.jpg,5
7190.jpg,3
7192.jpg,5
7193.jpg,1
7198.jpg,8
7201.jpg,8
7207.jpg,7
7208.jpg,3
7209.jpg,5
7216.jpg,3
7217.jpg,5
7219.jpg,4
7220.jpg,3
7222.jpg,3
7224.jpg,17
7227.jpg,10
7228.jpg,15
7229.jpg,3
7230.jpg,3
7232.jpg,14
7239.jpg,4
7240.jpg,5
7248.jpg,4
7249.jpg,7
7250.jpg,10
7251.jpg,11
7253.jpg,11
7255.jpg,5
7256.jpg,2
7259.jpg,3
7261.jpg,5
7267.jpg,8
7268.jpg,5
7270.jpg,4
7271.jpg,5
7281.jpg,13
7285.jpg,4
7286.jpg,11
7290.jpg,6
7291.jpg,2
7294.jpg,3
7295.jpg,2
7303.jpg,11
7305.jpg,3
7314.jpg,2
7325.jpg,6
7328.jpg,7
7339.jpg,6
7345.jpg,2
7353.jpg,4
7354.jpg,10
7358.jpg,11
7364.jpg,5
7373.jpg,9
7374.jpg,14
7377.jpg,10
7378.jpg,2
7381.jpg,5
7383.jpg,3
7384.jpg,3
7385.jpg,13
7386.jpg,3
7390.jpg,2
7394.jpg,2
7398.jpg,4
7401.jpg,4
7409.jpg,7
7410.jpg,9
7411.jpg,6
7414.jpg,6
7420.jpg,2
7421.jpg,4
7424.jpg,10
7438.jpg,2
7441.jpg,5
7447.jpg,3
7450.jpg,3
7451.jpg,6
7455.jpg,14
7456.jpg,1
7461.jpg,2
7462.jpg,9
7463.jpg,4
7464.jpg,3
7470.jpg,1
7473.jpg,9
7474.jpg,10
7478.jpg,10
7481.jpg,1
7490.jpg,2
7495.jpg,3
7497.jpg,2
7498.jpg,4
7501.jpg,4
7506.jpg,3
7510.jpg,6
7516.jpg,12
7524.jpg,5
7527.jpg,4
7529.jpg,3
7536.jpg,5
7537.jpg,7
7539.jpg,10
7541.jpg,1
7543.jpg,5
7545.jpg,8
7548.jpg,1
7550.jpg,2
7560.jpg,1
7563.jpg,4
7566.jpg,4
7568.jpg,9
7571.jpg,2
7573.jpg,6
7577.jpg,5
7580.jpg,8
7585.jpg,8
7589.jpg,6
7590.jpg,8
7593.jpg,6
7597.jpg,7
7599.jpg,4
7601.jpg,3
7609.jpg,2
7611.jpg,16
7626.jpg,2
7627.jpg,6
7629.jpg,3
7634.jpg,4
7642.jpg,9
7648.jpg,7
7650.jpg,12
7657.jpg,13
7658.jpg,2
7659.jpg,6
7660.jpg,3
7666.jpg,2
7669.jpg,4
7670.jpg,4
7680.jpg,5
7683.jpg,2
7694.jpg,8
7695.jpg,11
7698.jpg,5
7701.jpg,5
7705.jpg,3
7706.jpg,5
7711.jpg,5
7715.jpg,0
7719.jpg,3
7720.jpg,6
7730.jpg,5
7731.jpg,5
7735.jpg,7
7737.jpg,11
7742.jpg,4
7743.jpg,0
7744.jpg,4
7747.jpg,5
7752.jpg,7
7753.jpg,13
7757.jpg,3
7762.jpg,6
7767.jpg,12
7770.jpg,0
7771.jpg,9
7773.jpg,4
7778.jpg,3
7785.jpg,5
7790.jpg,0
7791.jpg,6
7792.jpg,13
7794.jpg,4
7797.jpg,6
7801.jpg,5
7819.jpg,6
7823.jpg,2
7826.jpg,6
7828.jpg,5
7829.jpg,4
7831.jpg,9
7834.jpg,2
7836.jpg,6
7837.jpg,8
7838.jpg,4
7839.jpg,8
7842.jpg,12
7843.jpg,6
7846.jpg,3
7847.jpg,2
7848.jpg,7
7849.jpg,8
7850.jpg,2
7852.jpg,2
7853.jpg,6
7857.jpg,6
7859.jpg,2
7869.jpg,3
7874.jpg,8
7876.jpg,4
7880.jpg,1
7881.jpg,6
7882.jpg,3
7886.jpg,3
7888.jpg,1
7890.jpg,3
7892.jpg,4
7893.jpg,7
7898.jpg,5
7899.jpg,0
7901.jpg,7
7902.jpg,3
7903.jpg,12
7910.jpg,3
7916.jpg,4
7917.jpg,0
7918.jpg,4
7920.jpg,10
7924.jpg,2
7926.jpg,2
7928.jpg,12
7931.jpg,11
7934.jpg,2
7936.jpg,7
7941.jpg,11
7942.jpg,5
7959.jpg,6
7966.jpg,6
7968.jpg,5
7969.jpg,7
7971.jpg,5
7974.jpg,8
7980.jpg,9
7984.jpg,3
7986.jpg,6
7987.jpg,13
7988.jpg,2
7989.jpg,6
7993.jpg,2
8000.jpg,3
8004.jpg,3
8005.jpg,6
8010.jpg,5
8013.jpg,3
8014.jpg,10
8016.jpg,0
8017.jpg,7
8020.jpg,1
8023.jpg,2
8024.jpg,3
8025.jpg,4
8026.jpg,12
8031.jpg,8
8032.jpg,4
8033.jpg,4
8034.jpg,4
8036.jpg,13
8038.jpg,8
8039.jpg,3
8043.jpg,4
8046.jpg,3
8049.jpg,3
8052.jpg,3
8054.jpg,5
8062.jpg,7
8063.jpg,4
8067.jpg,4
8068.jpg,7
8071.jpg,6
8083.jpg,5
8094.jpg,3
8098.jpg,15
8102.jpg,2
8104.jpg,4
8105.jpg,6
8106.jpg,9
8110.jpg,6
8111.jpg,4
8115.jpg,5
8117.jpg,6
8119.jpg,4
8120.jpg,5
8122.jpg,8
8124.jpg,2
8125.jpg,11
8127.jpg,7
8129.jpg,11
8136.jpg,9
8137.jpg,9
8138.jpg,3
8142.jpg,9
8145.jpg,6
8148.jpg,2
8158.jpg,8
8161.jpg,8
8162.jpg,3
8164.jpg,8
8166.jpg,3
8176.jpg,6
8177.jpg,4
8179.jpg,2
8180.jpg,3
8183.jpg,5
8186.jpg,5
8188.jpg,0
8189.jpg,11
8190.jpg,8
8192.jpg,2
8193.jpg,4
8194.jpg,5
8196.jpg,6
8209.jpg,3
8210.jpg,5
8214.jpg,5
8217.jpg,6
8218.jpg,1
8224.jpg,3
8230.jpg,4
8234.jpg,9
8235.jpg,5
8236.jpg,4
8238.jpg,4
8240.jpg,6
8241.jpg,7
8245.jpg,1
8251.jpg,1
8255.jpg,11
8259.jpg,9
8260.jpg,14
8264.jpg,0
8266.jpg,2
8268.jpg,7
8270.jpg,5
8273.jpg,6
8278.jpg,4
8284.jpg,0
8286.jpg,2
8292.jpg,2
8294.jpg,2
8296.jpg,7
8302.jpg,4
8305.jpg,3
8312.jpg,4
8316.jpg,6
8318.jpg,8
8322.jpg,2
8323.jpg,7
8327.jpg,3
8328.jpg,6
8330.jpg,1
8331.jpg,1
8333.jpg,6
8334.jpg,4
8339.jpg,5
8343.jpg,18
8355.jpg,7
8357.jpg,3
8361.jpg,5
8363.jpg,5
8365.jpg,11
8369.jpg,4
8376.jpg,7
8377.jpg,4
8384.jpg,12
8388.jpg,8
8389.jpg,5
8393.jpg,2
8395.jpg,14
8400.jpg,5
8404.jpg,3
8406.jpg,8
8411.jpg,10
8415.jpg,3
8428.jpg,13
8430.jpg,6
8434.jpg,2
8440.jpg,10
8442.jpg,3
8443.jpg,4
8445.jpg,3
8446.jpg,2
8455.jpg,9
8456.jpg,6
8462.jpg,6
8465.jpg,0
8466.jpg,2
8469.jpg,5
8472.jpg,4
8475.jpg,9
8482.jpg,1
8488.jpg,2
8489.jpg,1
8495.jpg,2
8503.jpg,0
8509.jpg,8
8510.jpg,2
8514.jpg,8
8516.jpg,4
8526.jpg,8
8527.jpg,5
8535.jpg,12
8539.jpg,4
8540.jpg,13
8541.jpg,6
8547.jpg,4
8548.jpg,6
8550.jpg,1
8553.jpg,12
8555.jpg,5
8556.jpg,13
8559.jpg,12
8565.jpg,3
8575.jpg,6
8576.jpg,6
8578.jpg,9
8581.jpg,4
8582.jpg,2
8583.jpg,13
8586.jpg,6
8589.jpg,6
8590.jpg,7
8592.jpg,3
8609.jpg,4
8613.jpg,2
8617.jpg,7
8624.jpg,5
8626.jpg,5
8627.jpg,7
8631.jpg,0
8632.jpg,3
8634.jpg,6
8636.jpg,3
8637.jpg,5
8638.jpg,4
8639.jpg,7
8644.jpg,5
8646.jpg,5
8650.jpg,4
8652.jpg,4
8655.jpg,0
8658.jpg,2
8663.jpg,8
8666.jpg,6
8667.jpg,2
8668.jpg,5
8672.jpg,2
8673.jpg,5
8678.jpg,6
8679.jpg,5
8681.jpg,4
8684.jpg,5
8689.jpg,6
8700.jpg,4
8703.jpg,11
8710.jpg,3
8713.jpg,13
8718.jpg,4
8729.jpg,6
8736.jpg,6
8737.jpg,6
8738.jpg,7
8739.jpg,2
8743.jpg,3
8751.jpg,3
8752.jpg,15
8754.jpg,1
8756.jpg,6
8758.jpg,3
8761.jpg,9
8762.jpg,2
8765.jpg,3
8770.jpg,2
8771.jpg,5
8772.jpg,5
8773.jpg,3
8781.jpg,18
8784.jpg,8
8787.jpg,2
8788.jpg,4
8797.jpg,10
8798.jpg,10
8800.jpg,6
8806.jpg,6
8807.jpg,4
8811.jpg,8
8812.jpg,3
8818.jpg,1
8821.jpg,3
8822.jpg,6
8827.jpg,5
8831.jpg,3
8833.jpg,3
8834.jpg,2
8835.jpg,2
8839.jpg,6
8840.jpg,4
8841.jpg,1
8842.jpg,7
8844.jpg,3
8848.jpg,3
8852.jpg,4
8858.jpg,4
8859.jpg,4
8869.jpg,5
8877.jpg,2
8878.jpg,3
8880.jpg,7
8886.jpg,4
8888.jpg,0
8889.jpg,6
8891.jpg,6
8896.jpg,5
8901.jpg,11
8905.jpg,5
8906.jpg,5
8908.jpg,2
8912.jpg,3
8913.jpg,2
8915.jpg,3
8917.jpg,1
8919.jpg,4
8920.jpg,9
8927.jpg,4
8928.jpg,8
8930.jpg,1
8932.jpg,4
8936.jpg,3
8939.jpg,1
8940.jpg,4
8946.jpg,7
8948.jpg,10
8952.jpg,9
8954.jpg,11
8959.jpg,10
8960.jpg,3
8966.jpg,4
8968.jpg,6
8971.jpg,16
8975.jpg,3
8979.jpg,4
8982.jpg,7
8984.jpg,0
8985.jpg,9
8989.jpg,6
8994.jpg,7
8995.jpg,11
8996.jpg,9
9010.jpg,4
9011.jpg,3
9013.jpg,9
9014.jpg,2
9015.jpg,18
9020.jpg,3
9024.jpg,4
9027.jpg,5
9029.jpg,4
9031.jpg,4
9038.jpg,4
9040.jpg,3
9041.jpg,7
9042.jpg,2
9043.jpg,4
9044.jpg,5
9045.jpg,2
9046.jpg,4
9048.jpg,4
9052.jpg,3
9054.jpg,5
9065.jpg,13
9066.jpg,2
9073.jpg,8
9074.jpg,2
9082.jpg,2
9087.jpg,6
9091.jpg,3
9092.jpg,9
9096.jpg,1
9105.jpg,7
9113.jpg,6
9118.jpg,8
9119.jpg,9
9120.jpg,4
9121.jpg,4
9123.jpg,11
9128.jpg,3
9131.jpg,4
9132.jpg,7
9133.jpg,3
9134.jpg,4
9137.jpg,5
9138.jpg,2
9141.jpg,5
9145.jpg,3
9147.jpg,3
9150.jpg,2
9158.jpg,6
9159.jpg,2
9165.jpg,3
9170.jpg,5
9171.jpg,6
9174.jpg,8
9178.jpg,4
9182.jpg,9
9183.jpg,9
9186.jpg,7
9190.jpg,5
9193.jpg,10
9201.jpg,4
9203.jpg,4
9216.jpg,6
9219.jpg,1
9221.jpg,2
9223.jpg,7
9224.jpg,5
9225.jpg,7
9227.jpg,3
9228.jpg,5
9231.jpg,7
9236.jpg,6
9238.jpg,3
9243.jpg,3
9251.jpg,3
9252.jpg,0
9258.jpg,0
9259.jpg,3
9266.jpg,4
9268.jpg,11
9270.jpg,3
9271.jpg,5
9273.jpg,11
9276.jpg,5
9277.jpg,7
9283.jpg,6
9287.jpg,3
9294.jpg,14
9301.jpg,2
9307.jpg,4
9309.jpg,8
9316.jpg,4
9323.jpg,5
9324.jpg,1
9329.jpg,3
9332.jpg,3
9333.jpg,3
9336.jpg,5
9337.jpg,16
9340.jpg,8
9342.jpg,3
9343.jpg,5
9344.jpg,2
9347.jpg,12
9349.jpg,9
9350.jpg,2
9351.jpg,6
9356.jpg,9
9358.jpg,7
9366.jpg,3
9368.jpg,5
9373.jpg,4
9374.jpg,10
9375.jpg,6
9376.jpg,1
9383.jpg,9
9386.jpg,5
9387.jpg,24
9390.jpg,4
9391.jpg,4
9399.jpg,7
9400.jpg,3
9405.jpg,6
9408.jpg,5
9410.jpg,5
9412.jpg,9
9414.jpg,4
9417.jpg,2
9423.jpg,1
9429.jpg,4
9430.jpg,13
9432.jpg,8
9433.jpg,3
9436.jpg,5
9438.jpg,3
9439.jpg,5
9443.jpg,7
9449.jpg,4
9451.jpg,6
9453.jpg,19
9457.jpg,4
9458.jpg,2
9468.jpg,14
9485.jpg,5
9490.jpg,7
9493.jpg,11
9494.jpg,4
9499.jpg,5
9500.jpg,3
9501.jpg,5
9505.jpg,8
9506.jpg,2
9507.jpg,8
9511.jpg,3
9514.jpg,3
9522.jpg,4
9523.jpg,3
9527.jpg,4
9528.jpg,3
9529.jpg,3
9534.jpg,2
9539.jpg,10
9545.jpg,1
9548.jpg,3
9550.jpg,4
9553.jpg,6
9556.jpg,7
9558.jpg,2
9565.jpg,4
9567.jpg,0
9571.jpg,11
9572.jpg,4
9577.jpg,3
9580.jpg,2
9593.jpg,4
9594.jpg,9
9595.jpg,5
9598.jpg,10
9600.jpg,2
9601.jpg,3
9608.jpg,4
9612.jpg,3
9614.jpg,4
9617.jpg,3
9620.jpg,3
9623.jpg,4
9625.jpg,4
9628.jpg,7
9633.jpg,5
9634.jpg,6
9638.jpg,0
9639.jpg,1
9643.jpg,4
9645.jpg,2
9656.jpg,5
9660.jpg,10
9661.jpg,5
9663.jpg,7
9668.jpg,1
9673.jpg,4
9674.jpg,3
9681.jpg,14
9684.jpg,3
9685.jpg,7
9689.jpg,4
9690.jpg,5
9697.jpg,11
9698.jpg,8
9700.jpg,10
9702.jpg,2
9703.jpg,4
9709.jpg,4
9711.jpg,13
9712.jpg,3
9721.jpg,7
9726.jpg,4
9728.jpg,3
9729.jpg,9
9730.jpg,6
9734.jpg,1
9745.jpg,3
9746.jpg,6
9750.jpg,9
9757.jpg,4
9758.jpg,7
9765.jpg,2
9767.jpg,5
9771.jpg,1
9774.jpg,6
9776.jpg,5
9781.jpg,5
9784.jpg,7
9785.jpg,3
9787.jpg,5
9788.jpg,0
9792.jpg,3
9796.jpg,8
9801.jpg,5
9803.jpg,4
9804.jpg,9
9809.jpg,5
9810.jpg,4
9811.jpg,6
9814.jpg,7
9815.jpg,6
9816.jpg,9
9818.jpg,5
9825.jpg,6
9827.jpg,3
9832.jpg,9
9835.jpg,3
9851.jpg,1
9855.jpg,3
9856.jpg,4
9859.jpg,6
9860.jpg,1
9863.jpg,16
9867.jpg,3
9868.jpg,6
9869.jpg,5
9870.jpg,11
9873.jpg,2
9874.jpg,5
9876.jpg,3
9877.jpg,14
9879.jpg,3
9883.jpg,10
9888.jpg,5
9889.jpg,5
9891.jpg,7
9893.jpg,7
9901.jpg,5
9902.jpg,3
9904.jpg,8
9905.jpg,2
9909.jpg,0
9910.jpg,5
9911.jpg,1
9918.jpg,3
9920.jpg,7
9922.jpg,4
9923.jpg,4
9926.jpg,16
9930.jpg,8
9933.jpg,0
9938.jpg,0
9939.jpg,9
9943.jpg,6
9944.jpg,6
9946.jpg,2
9948.jpg,2
9949.jpg,2
9959.jpg,5
9965.jpg,8
9973.jpg,8
9975.jpg,7
9976.jpg,6
9977.jpg,6
9981.jpg,8
9984.jpg,9
9986.jpg,5
9991.jpg,2
9994.jpg,13
9998.jpg,3
10005.jpg,5
10006.jpg,7
10009.jpg,2
10011.jpg,4
10014.jpg,6
10016.jpg,7
10019.jpg,3
10021.jpg,6
10024.jpg,2
10027.jpg,1
10029.jpg,11
10031.jpg,1
10035.jpg,4
10038.jpg,3
10040.jpg,3
10042.jpg,4
10045.jpg,3
10046.jpg,3
10051.jpg,7
10055.jpg,2
10056.jpg,6
10058.jpg,4
10060.jpg,4
10063.jpg,3
10066.jpg,10
10091.jpg,2
10093.jpg,1
10094.jpg,2
10095.jpg,8
10099.jpg,6
10100.jpg,2
10102.jpg,5
10103.jpg,3
10105.jpg,5
10106.jpg,0
10107.jpg,6
10113.jpg,5
10114.jpg,4
10115.jpg,3
10117.jpg,2
10121.jpg,7
10123.jpg,2
10131.jpg,5
10132.jpg,4
10137.jpg,3
10140.jpg,6
10141.jpg,4
10142.jpg,4
10155.jpg,3
10157.jpg,6
10163.jpg,2
10168.jpg,5
10170.jpg,4
10173.jpg,11
10175.jpg,8
10176.jpg,6
10179.jpg,4
10180.jpg,6
10183.jpg,2
10184.jpg,3
10185.jpg,4
10188.jpg,6
10190.jpg,5
10194.jpg,5
10195.jpg,8
10197.jpg,4
10199.jpg,7
10200.jpg,0
10212.jpg,10
10217.jpg,4
10220.jpg,3
10223.jpg,7
10224.jpg,6
10228.jpg,12
10234.jpg,3
10239.jpg,3
10240.jpg,3
10246.jpg,8
10249.jpg,2
10251.jpg,3
10255.jpg,8
10257.jpg,3
10258.jpg,4
10260.jpg,7
10267.jpg,2
10274.jpg,4
10280.jpg,5
10286.jpg,10
10296.jpg,11
10298.jpg,6
10302.jpg,7
10307.jpg,4
10310.jpg,12
10315.jpg,2
10318.jpg,4
10322.jpg,3
10326.jpg,4
10330.jpg,4
10333.jpg,2
10335.jpg,8
10338.jpg,10
10340.jpg,6
10342.jpg,1
10343.jpg,4
10345.jpg,3
10348.jpg,6
10349.jpg,7
10355.jpg,8
10357.jpg,6
10369.jpg,2
10370.jpg,3
10373.jpg,10
10374.jpg,4
10377.jpg,7
10380.jpg,3
10381.jpg,3
10382.jpg,1
10386.jpg,5
10393.jpg,3
10396.jpg,13
10399.jpg,3
10401.jpg,7
10405.jpg,8
10410.jpg,10
10411.jpg,1
10415.jpg,7
10420.jpg,4
10425.jpg,1
10426.jpg,3
10427.jpg,3
10434.jpg,3
10435.jpg,11
10439.jpg,6
10440.jpg,6
10441.jpg,8
10460.jpg,7
10464.jpg,12
10467.jpg,10
10468.jpg,6
10473.jpg,3
10474.jpg,3
10475.jpg,9
10482.jpg,1
10487.jpg,5
10488.jpg,8
10489.jpg,6
10493.jpg,4
10494.jpg,6
10497.jpg,2
10498.jpg,6
10502.jpg,4
10504.jpg,9
10506.jpg,2
10508.jpg,6
10510.jpg,10
10518.jpg,4
10531.jpg,4
10543.jpg,2
10544.jpg,2
10558.jpg,10
10559.jpg,10
10563.jpg,2
10568.jpg,3
10571.jpg,0
10574.jpg,3
10575.jpg,3
10582.jpg,5
10586.jpg,4
10589.jpg,13
10591.jpg,3
10592.jpg,2
10593.jpg,3
10599.jpg,4
10609.jpg,4
10613.jpg,10
10614.jpg,10
10615.jpg,5
10619.jpg,7
10622.jpg,2
10623.jpg,3
10630.jpg,9
10635.jpg,4
10638.jpg,3
10642.jpg,6
10644.jpg,5
10649.jpg,0
10651.jpg,3
10653.jpg,6
10655.jpg,3
10658.jpg,6
10659.jpg,4
10664.jpg,6
10666.jpg,10
10667.jpg,11
10671.jpg,4
10681.jpg,2
10682.jpg,3
10684.jpg,5
10687.jpg,6
10688.jpg,16
10689.jpg,8
10695.jpg,3
10698.jpg,5
10700.jpg,7
10701.jpg,3
10710.jpg,3
10712.jpg,8
10718.jpg,3
10724.jpg,3
10726.jpg,4
10727.jpg,3
10731.jpg,5
10738.jpg,4
10739.jpg,4
10741.jpg,4
10742.jpg,7
10743.jpg,5
10745.jpg,6
10746.jpg,14
10751.jpg,13
10762.jpg,6
10768.jpg,5
10774.jpg,8
10780.jpg,4
10783.jpg,10
10786.jpg,6
10793.jpg,7
10795.jpg,11
10798.jpg,3
10801.jpg,6
10804.jpg,6
10807.jpg,4
10817.jpg,1
10818.jpg,4
10820.jpg,6
10822.jpg,4
10824.jpg,12
10825.jpg,2
10827.jpg,4
10828.jpg,5
10830.jpg,4
10836.jpg,4
10837.jpg,3
10842.jpg,12
10848.jpg,8
10857.jpg,9
10860.jpg,3
10862.jpg,1
10864.jpg,12
10868.jpg,7
10872.jpg,1
10873.jpg,2
10874.jpg,9
10876.jpg,8
10879.jpg,11
10890.jpg,15
10891.jpg,4
10893.jpg,4
10896.jpg,15
10898.jpg,0
10902.jpg,6
10909.jpg,1
10910.jpg,5
10912.jpg,4
10913.jpg,11
10917.jpg,3
10923.jpg,2
10927.jpg,5
10931.jpg,4
10940.jpg,9
10941.jpg,6
10942.jpg,14
10945.jpg,3
10955.jpg,2
10957.jpg,2
10962.jpg,1
10965.jpg,7
10973.jpg,3
10976.jpg,5
10977.jpg,0
10978.jpg,0
10979.jpg,2
10985.jpg,4
10989.jpg,3
10993.jpg,4
10994.jpg,12
10998.jpg,3
11002.jpg,3
11009.jpg,2
11010.jpg,9
11011.jpg,4
11012.jpg,2
11014.jpg,13
11019.jpg,6
11022.jpg,9
11024.jpg,2
11030.jpg,5
11031.jpg,7
11034.jpg,8
11035.jpg,5
11047.jpg,2
11050.jpg,5
11051.jpg,3
11055.jpg,8
11058.jpg,6
11062.jpg,3
11063.jpg,6
11064.jpg,5
11065.jpg,5
11066.jpg,5
11071.jpg,4
11077.jpg,4
11079.jpg,6
11080.jpg,14
11081.jpg,3
11085.jpg,4
11097.jpg,5
11099.jpg,4
11101.jpg,8
11108.jpg,7
11111.jpg,9
11113.jpg,5
11117.jpg,7
11130.jpg,1
11132.jpg,4
11136.jpg,10
11143.jpg,15
11149.jpg,10
11153.jpg,3
11161.jpg,5
11165.jpg,4
11171.jpg,3
11184.jpg,7
11190.jpg,5
11191.jpg,0
11195.jpg,0
11197.jpg,2
11201.jpg,4
11204.jpg,6
11205.jpg,0
11207.jpg,4
11209.jpg,3
11211.jpg,2
11222.jpg,3
11228.jpg,4
11231.jpg,2
11234.jpg,3
11236.jpg,2
11238.jpg,2
11239.jpg,3
11244.jpg,5
11245.jpg,5
11246.jpg,9
11250.jpg,5
11251.jpg,8
11262.jpg,6
11263.jpg,4
11264.jpg,8
11266.jpg,8
11268.jpg,7
11269.jpg,2
11281.jpg,2
11283.jpg,3
11286.jpg,8
11288.jpg,9
11290.jpg,5
11293.jpg,6
11297.jpg,10
11300.jpg,7
11310.jpg,5
11311.jpg,5
11312.jpg,6
11317.jpg,7
11318.jpg,13
11319.jpg,8
11322.jpg,13
11325.jpg,3
11328.jpg,0
11332.jpg,5
11335.jpg,4
11336.jpg,6
11338.jpg,5
11339.jpg,3
11340.jpg,8
11341.jpg,13
11342.jpg,6
11344.jpg,4
11346.jpg,4
11347.jpg,9
11348.jpg,2
11355.jpg,4
11358.jpg,7
11362.jpg,9
11365.jpg,3
11368.jpg,12
11369.jpg,5
11370.jpg,8
11371.jpg,8
11374.jpg,7
11380.jpg,3
11381.jpg,10
11383.jpg,8
11388.jpg,4
11390.jpg,4
11392.jpg,6
11394.jpg,5
11396.jpg,5
11402.jpg,6
11403.jpg,6
11404.jpg,1
11405.jpg,2
11411.jpg,6
11414.jpg,7
11417.jpg,9
11432.jpg,7
11434.jpg,9
11452.jpg,4
11453.jpg,9
11456.jpg,4
11457.jpg,6
11458.jpg,2
11462.jpg,4
11471.jpg,5
11474.jpg,12
11475.jpg,3
11476.jpg,7
11480.jpg,0
11488.jpg,3
11490.jpg,9
11492.jpg,5
11501.jpg,5
11506.jpg,7
11517.jpg,8
11520.jpg,4
11523.jpg,4
11526.jpg,4
11530.jpg,9
11531.jpg,6
11532.jpg,0
11535.jpg,7
11537.jpg,3
11547.jpg,5
11548.jpg,6
11549.jpg,3
11552.jpg,6
11553.jpg,3
11561.jpg,4
11566.jpg,3
11568.jpg,2
11569.jpg,19
11570.jpg,5
11572.jpg,7
11578.jpg,2
11583.jpg,8
11584.jpg,5
11590.jpg,8
11601.jpg,6
11602.jpg,3
11608.jpg,5
11612.jpg,6
11616.jpg,3
11624.jpg,0
11629.jpg,10
11640.jpg,3
11641.jpg,6
11643.jpg,1
11644.jpg,5
11648.jpg,5
11649.jpg,5
11651.jpg,6
11654.jpg,3
11657.jpg,15
11658.jpg,3
11660.jpg,6
11661.jpg,2
11670.jpg,4
11675.jpg,3
11681.jpg,5
11684.jpg,5
11686.jpg,12
11689.jpg,9
11690.jpg,10
11692.jpg,5
11694.jpg,3
11696.jpg,4
11699.jpg,1
11703.jpg,8
11706.jpg,7
11707.jpg,3
11712.jpg,3
11713.jpg,4
11722.jpg,9
11725.jpg,5
11727.jpg,4
11729.jpg,2
11731.jpg,11
11733.jpg,4
11738.jpg,3
11741.jpg,6
11742.jpg,5
11743.jpg,10
11744.jpg,5
11745.jpg,5
11750.jpg,3
11751.jpg,7
11762.jpg,5
11763.jpg,4
11769.jpg,2
11771.jpg,6
11777.jpg,10
11779.jpg,5
11781.jpg,7
11788.jpg,13
11791.jpg,4
11800.jpg,9
11807.jpg,5
11808.jpg,7
11815.jpg,12
11816.jpg,2
11818.jpg,4
11820.jpg,8
11823.jpg,5
11825.jpg,3
11831.jpg,3
11833.jpg,2
11836.jpg,3
11839.jpg,5
11846.jpg,6
11851.jpg,6
11857.jpg,6
11859.jpg,6
11869.jpg,6
11870.jpg,7
11872.jpg,12
11878.jpg,3
11886.jpg,3
11887.jpg,3
11888.jpg,9
11894.jpg,5
11898.jpg,5
11899.jpg,4
11904.jpg,3
11907.jpg,8
11908.jpg,6
11914.jpg,5
11918.jpg,1
11919.jpg,2
11920.jpg,3
11922.jpg,4
11925.jpg,5
11926.jpg,3
11927.jpg,3
11932.jpg,4
11937.jpg,12
11941.jpg,11
11946.jpg,7
11948.jpg,5
11950.jpg,3
11952.jpg,5
11953.jpg,5
11956.jpg,7
11960.jpg,5
11961.jpg,6
11962.jpg,4
11969.jpg,4
11970.jpg,6
11973.jpg,4
11974.jpg,3
11984.jpg,4
11991.jpg,10
11995.jpg,7
11996.jpg,2
11997.jpg,3
11999.jpg,9
12002.jpg,4
12007.jpg,4
12009.jpg,9
12010.jpg,5
12015.jpg,3
12019.jpg,11
12021.jpg,2
12022.jpg,12
12024.jpg,3
12026.jpg,3
12033.jpg,5
12037.jpg,2
12042.jpg,2
12043.jpg,7
12044.jpg,5
12045.jpg,6
12047.jpg,4
12055.jpg,9
12060.jpg,5
12061.jpg,11
12063.jpg,4
12064.jpg,6
12067.jpg,6
12071.jpg,8
12078.jpg,6
12082.jpg,1
12084.jpg,2
12090.jpg,5
12092.jpg,11
12094.jpg,3
12095.jpg,2
12098.jpg,5
12103.jpg,5
12104.jpg,7
12107.jpg,4
12109.jpg,6
12112.jpg,10
12115.jpg,10
12118.jpg,5
12119.jpg,4
12121.jpg,4
12123.jpg,4
12127.jpg,6
12129.jpg,5
12140.jpg,5
12143.jpg,4
12147.jpg,7
12153.jpg,3
12154.jpg,6
12155.jpg,3
12157.jpg,6
12166.jpg,13
12170.jpg,7
12174.jpg,4
12181.jpg,7
12188.jpg,20
12201.jpg,3
12205.jpg,5
12206.jpg,5
12207.jpg,2
12208.jpg,4
12220.jpg,6
12224.jpg,3
12225.jpg,5
12226.jpg,8
12228.jpg,7
12230.jpg,1
12232.jpg,2
12233.jpg,4
12236.jpg,5
12245.jpg,3
12246.jpg,8
12248.jpg,7
12249.jpg,3
12256.jpg,3
12257.jpg,3
12266.jpg,2
12267.jpg,0
12269.jpg,4
12271.jpg,12
12273.jpg,4
12276.jpg,5
12278.jpg,3
12279.jpg,9
12284.jpg,2
12287.jpg,3
12290.jpg,6
12297.jpg,9
12298.jpg,8
12299.jpg,5
12300.jpg,8
12302.jpg,2
12303.jpg,7
12304.jpg,6
12307.jpg,2
12308.jpg,7
12313.jpg,3
12316.jpg,6
12317.jpg,2
12325.jpg,3
12329.jpg,6
12331.jpg,2
12336.jpg,3
12340.jpg,5
12344.jpg,4
12345.jpg,3
12349.jpg,9
12350.jpg,2
12352.jpg,6
12363.jpg,4
12367.jpg,12
12368.jpg,5
12370.jpg,7
12371.jpg,3
12375.jpg,0
12378.jpg,1
12382.jpg,14
12384.jpg,5
12386.jpg,3
12388.jpg,2
12392.jpg,2
12396.jpg,1
12399.jpg,3
12401.jpg,4
12409.jpg,6
12412.jpg,6
12415.jpg,13
12419.jpg,4
12421.jpg,4
12422.jpg,3
12424.jpg,1
12426.jpg,3
12430.jpg,3
12432.jpg,2
12433.jpg,3
12438.jpg,6
12442.jpg,5
12444.jpg,3
12449.jpg,14
12456.jpg,10
12457.jpg,5
12458.jpg,4
12459.jpg,4
12462.jpg,1
12466.jpg,7
12468.jpg,12
12471.jpg,3
12472.jpg,4
12479.jpg,8
12481.jpg,7
12482.jpg,3
12485.jpg,3
12486.jpg,5
12490.jpg,3
12496.jpg,2
12503.jpg,7
12506.jpg,4
12507.jpg,14
12508.jpg,3
12511.jpg,6
12514.jpg,5
12515.jpg,3
12519.jpg,5
12523.jpg,14
12524.jpg,5
12525.jpg,11
12529.jpg,5
12533.jpg,2
12537.jpg,2
12541.jpg,2
12550.jpg,6
12552.jpg,8
12557.jpg,6
12558.jpg,13
12559.jpg,2
12565.jpg,8
12566.jpg,4
12568.jpg,0
12580.jpg,13
12581.jpg,3
12584.jpg,4
12585.jpg,3
12586.jpg,4
12588.jpg,1
12591.jpg,4
12594.jpg,12
12597.jpg,3
12603.jpg,0
12604.jpg,5
12605.jpg,4
12610.jpg,8
12611.jpg,6
12613.jpg,2
12615.jpg,2
12616.jpg,11
12621.jpg,4
12624.jpg,2
12625.jpg,7
12626.jpg,17
12627.jpg,4
12630.jpg,6
12632.jpg,3
12633.jpg,5
12634.jpg,6
12636.jpg,2
12637.jpg,6
12640.jpg,2
12642.jpg,3
12647.jpg,2
12649.jpg,3
12656.jpg,5
12657.jpg,5
12659.jpg,1
12660.jpg,11
12661.jpg,5
12664.jpg,4
12672.jpg,1
12673.jpg,4
12680.jpg,2
12682.jpg,12
12684.jpg,6
12697.jpg,1
12700.jpg,9
12715.jpg,9
12719.jpg,5
12727.jpg,2
12728.jpg,3
12732.jpg,10
12735.jpg,5
12739.jpg,3
12749.jpg,8
12751.jpg,13
12752.jpg,3
12759.jpg,14
12763.jpg,9
12765.jpg,5
12766.jpg,9
12771.jpg,0
12777.jpg,12
12779.jpg,7
12786.jpg,4
12787.jpg,7
12788.jpg,6
12789.jpg,3
12791.jpg,1
12795.jpg,10
12798.jpg,3
12799.jpg,4
12802.jpg,4
12806.jpg,8
12807.jpg,5
12808.jpg,8
12811.jpg,5
12815.jpg,1
12817.jpg,9
12819.jpg,8
12820.jpg,5
12822.jpg,7
12823.jpg,7
12824.jpg,4
12825.jpg,2
12828.jpg,4
12830.jpg,5
12831.jpg,6
12832.jpg,3
12833.jpg,3
12841.jpg,2
12847.jpg,4
12848.jpg,10
12850.jpg,0
12851.jpg,8
12858.jpg,3
12859.jpg,2
12862.jpg,4
12863.jpg,3
12867.jpg,12
12872.jpg,7
12874.jpg,3
12881.jpg,3
12884.jpg,5
12887.jpg,6
12888.jpg,8
12889.jpg,6
12891.jpg,2
12896.jpg,11
12898.jpg,6
12899.jpg,10
12902.jpg,7
12903.jpg,0
12904.jpg,5
12905.jpg,2
12910.jpg,13
12912.jpg,3
12913.jpg,3
12914.jpg,2
12918.jpg,9
12922.jpg,11
12923.jpg,5
12926.jpg,8
12927.jpg,3
12933.jpg,4
12943.jpg,3
12944.jpg,5
12949.jpg,4
12950.jpg,3
12957.jpg,10
12958.jpg,2
12962.jpg,6
12968.jpg,3
12969.jpg,2
12971.jpg,3
12976.jpg,4
12978.jpg,5
12982.jpg,5
12984.jpg,4
12991.jpg,9
12993.jpg,4
12996.jpg,7
13002.jpg,3
13008.jpg,4
13014.jpg,5
13018.jpg,6
13019.jpg,12
13024.jpg,1
13029.jpg,3
13030.jpg,3
13032.jpg,2
13039.jpg,10
13052.jpg,2
13054.jpg,3
13056.jpg,4
13058.jpg,6
13064.jpg,2
13066.jpg,6
13067.jpg,6
13071.jpg,4
13075.jpg,4
13077.jpg,8
13079.jpg,9
13082.jpg,4
13083.jpg,7
13085.jpg,2
13089.jpg,3
13095.jpg,4
13096.jpg,4
13098.jpg,4
13101.jpg,2
13102.jpg,12
13103.jpg,13
13106.jpg,6
13108.jpg,6
13109.jpg,3
13110.jpg,0
13113.jpg,5
13116.jpg,4
13120.jpg,5
13123.jpg,5
13127.jpg,6
13132.jpg,14
13133.jpg,8
13135.jpg,4
13136.jpg,7
13145.jpg,8
13146.jpg,12
13160.jpg,4
13164.jpg,7
13169.jpg,3
13170.jpg,5
13172.jpg,6
13175.jpg,9
13180.jpg,13
13184.jpg,8
13192.jpg,4
13193.jpg,6
13194.jpg,0
13200.jpg,7
13201.jpg,16
13203.jpg,6
13205.jpg,9
13209.jpg,8
13212.jpg,0
13214.jpg,2
13216.jpg,13
13218.jpg,5
13219.jpg,8
13225.jpg,4
13237.jpg,2
13245.jpg,9
13246.jpg,12
13252.jpg,7
13260.jpg,5
13266.jpg,8
13267.jpg,6
13274.jpg,0
13275.jpg,6
13276.jpg,10
13277.jpg,5
13278.jpg,3
13287.jpg,3
13292.jpg,2
13293.jpg,4
13298.jpg,5
13300.jpg,10
13303.jpg,7
13315.jpg,4
13318.jpg,7
13320.jpg,10
13321.jpg,4
13335.jpg,1
13343.jpg,6
13347.jpg,4
13350.jpg,13
13352.jpg,11
13358.jpg,5
13360.jpg,10
13365.jpg,4
13367.jpg,9
13369.jpg,2
13373.jpg,3
13376.jpg,8
13379.jpg,4
13384.jpg,9
13388.jpg,3
13390.jpg,4
13391.jpg,5
13392.jpg,3
13394.jpg,8
13410.jpg,6
13412.jpg,6
13419.jpg,5
13420.jpg,3
13425.jpg,5
13432.jpg,7
13435.jpg,5
13443.jpg,2
13445.jpg,4
13447.jpg,12
13448.jpg,3
13450.jpg,3
13452.jpg,11
13454.jpg,10
13458.jpg,20
13460.jpg,6
13461.jpg,4
13462.jpg,8
13467.jpg,13
13468.jpg,6
13469.jpg,8
13492.jpg,1
13493.jpg,2
13494.jpg,0
13498.jpg,14
13500.jpg,11
13504.jpg,6
13508.jpg,3
13509.jpg,11
13510.jpg,2
13516.jpg,8
13526.jpg,1
13535.jpg,5
13536.jpg,4
13538.jpg,4
13542.jpg,7
13543.jpg,2
13545.jpg,7
13560.jpg,3
13561.jpg,4
13566.jpg,3
13573.jpg,4
13574.jpg,3
13577.jpg,3
13578.jpg,6
13585.jpg,4
13588.jpg,7
13591.jpg,3
13592.jpg,7
13599.jpg,10
13602.jpg,7
13614.jpg,8
13615.jpg,12
13624.jpg,3
13625.jpg,5
13626.jpg,1
13630.jpg,10
13633.jpg,8
13642.jpg,3
13648.jpg,3
13650.jpg,5
13653.jpg,5
13654.jpg,0
13656.jpg,5
13657.jpg,3
13663.jpg,6
13665.jpg,8
13667.jpg,2
13671.jpg,4
13674.jpg,12
13675.jpg,4
13676.jpg,8
13678.jpg,14
13681.jpg,10
13687.jpg,3
13688.jpg,5
13690.jpg,3
13693.jpg,4
13694.jpg,3
13696.jpg,4
13697.jpg,14
13699.jpg,3
13701.jpg,5
13705.jpg,6
13706.jpg,10
13709.jpg,4
13713.jpg,7
13715.jpg,13
13716.jpg,0
13718.jpg,2
13725.jpg,2
13730.jpg,4
13733.jpg,2
13736.jpg,2
13744.jpg,5
13747.jpg,2
13751.jpg,13
13755.jpg,7
13760.jpg,9
13765.jpg,4
13768.jpg,4
13771.jpg,2
13772.jpg,3
13773.jpg,9
13775.jpg,2
13778.jpg,6
13780.jpg,4
13782.jpg,6
13783.jpg,7
13785.jpg,8
13790.jpg,0
13791.jpg,2
13797.jpg,5
13801.jpg,2
13803.jpg,2
13805.jpg,6
13810.jpg,7
13813.jpg,0
13821.jpg,3
13823.jpg,6
13824.jpg,3
13825.jpg,9
13827.jpg,5
13830.jpg,4
13835.jpg,3
13839.jpg,9
13840.jpg,4
13846.jpg,5
13847.jpg,6
13848.jpg,4
13849.jpg,4
13850.jpg,5
13855.jpg,5
13856.jpg,12
13860.jpg,7
13861.jpg,5
13870.jpg,6
13874.jpg,6
13877.jpg,11
13884.jpg,11
13891.jpg,5
13893.jpg,2
13898.jpg,6
13901.jpg,5
13904.jpg,2
13905.jpg,7
13912.jpg,11
13915.jpg,0
13917.jpg,2
13919.jpg,4
13923.jpg,8
13925.jpg,12
13933.jpg,3
13934.jpg,3
13935.jpg,3
13942.jpg,8
13944.jpg,3
13945.jpg,11
13952.jpg,5
13953.jpg,2
13955.jpg,4
13960.jpg,4
13962.jpg,4
13968.jpg,8
13969.jpg,3
13979.jpg,6
13981.jpg,5
13982.jpg,17
13986.jpg,5
13987.jpg,4
13991.jpg,6
13992.jpg,3
13994.jpg,3
13998.jpg,9
14002.jpg,4
14003.jpg,6
14004.jpg,14
14005.jpg,6
14013.jpg,9
14014.jpg,5
14017.jpg,8
14019.jpg,5
14022.jpg,2
14026.jpg,3
14030.jpg,4
14031.jpg,6
14034.jpg,0
14038.jpg,5
14039.jpg,9
14046.jpg,3
14048.jpg,1
14053.jpg,8
14057.jpg,6
14061.jpg,4
14062.jpg,5
14066.jpg,8
14067.jpg,7
14070.jpg,3
14073.jpg,4
14074.jpg,4
14080.jpg,8
14101.jpg,4
14102.jpg,7
14104.jpg,3
14106.jpg,3
14108.jpg,7
14114.jpg,4
14117.jpg,10
14118.jpg,7
14122.jpg,3
14126.jpg,2
14135.jpg,0
14138.jpg,5
14140.jpg,5
14141.jpg,4
14148.jpg,2
14149.jpg,3
14151.jpg,8
14152.jpg,4
14157.jpg,13
14158.jpg,2
14160.jpg,2
14161.jpg,4
14162.jpg,5
14163.jpg,4
14171.jpg,2
14172.jpg,5
14179.jpg,6
14181.jpg,3
14182.jpg,3
14184.jpg,2
14186.jpg,5
14193.jpg,4
14197.jpg,5
14198.jpg,6
14199.jpg,8
14202.jpg,2
14206.jpg,7
